"Type","Name","Timestamp","# requests","# failures","Requests/s","Requests Failed/s","Median response time","Average response time","Min response time","Max response time","Average Content Size","50%","66%","75%","80%","90%","95%","98%","99%","99.9%","99.99%","99.999","100%"
"None","Aggregated","1594513366",84,0,0.00,0.00,16,13,0,31.28,1396.93,0,0,0,0,0,0,0,0,0,0,0,0
"None","Aggregated","1594513368",100,0,0.00,0.00,16,13,0,47.29,1396.04,16,16,16,16,16,17,47,47,47,47,47,47
"None","Aggregated","1594513370",100,0,0.00,0.00,16,13,0,47.29,1396.04,16,16,16,16,16,17,47,47,47,47,47,47
"None","Aggregated","1594513372",122,0,20.00,0.00,16,11,0,47.29,1395.02,16,16,16,16,16,17,47,47,47,47,47,47
"None","Aggregated","1594513374",168,0,16.57,0.00,16,9,0,47.29,1395.08,0,16,16,16,16,16,24,47,47,47,47,47
"None","Aggregated","1594513376",200,0,17.11,0.00,16,9,0,62.52,1394.44,0,16,16,16,16,16,47,47,63,63,63,63
"None","Aggregated","1594513378",209,0,14.50,0.00,16,9,0,62.52,1394.37,0,0,16,16,16,16,16,24,63,63,63,63
"None","Aggregated","1594513380",236,0,10.30,0.00,16,9,0,78.12,1393.81,0,0,16,16,16,16,63,78,78,78,78,78
"None","Aggregated","1594513382",272,0,12.90,0.00,0,8,0,78.13,1393.63,0,0,16,16,16,16,78,78,78,78,78,78
"None","Aggregated","1594513384",301,0,14.30,0.00,0,8,0,78.13,1393.12,0,0,16,16,16,16,78,78,78,78,78,78
"None","Aggregated","1594513387",318,0,13.90,0.00,0,8,0,78.13,1392.92,0,0,16,16,16,16,78,78,78,78,78,78
"None","Aggregated","1594513389",347,0,11.60,0.00,0,7,0,78.13,1392.94,0,0,1,16,16,16,16,62,78,78,78,78
"None","Aggregated","1594513391",380,0,13.20,0.00,0,7,0,78.13,1393.38,0,0,0,16,16,16,16,16,62,62,62,62
"None","Aggregated","1594513393",406,0,12.90,0.00,0,7,0,78.13,1393.23,0,0,0,0,16,16,16,31,78,78,78,78
"None","Aggregated","1594513395",431,0,12.90,0.00,0,7,0,78.13,1393.34,0,0,0,1,16,16,16,31,78,78,78,78
"None","Aggregated","1594513397",460,0,12.50,0.00,0,6,0,78.13,1393.03,0,0,0,16,16,16,16,31,78,78,78,78
"None","Aggregated","1594513399",491,0,13.80,0.00,0,6,0,78.13,1392.90,0,0,0,16,16,16,16,31,78,78,78,78
"None","Aggregated","1594513401",519,0,14.00,0.00,0,6,0,78.13,1392.68,0,0,0,16,16,16,16,16,16,16,16,16
"None","Aggregated","1594513403",549,0,13.30,0.00,0,6,0,78.13,1392.54,0,0,0,16,16,16,16,16,16,16,16,16
"None","Aggregated","1594513405",574,0,13.40,0.00,0,6,0,78.13,1392.55,0,0,0,1,16,16,16,16,31,31,31,31
"None","Aggregated","1594513407",602,0,13.40,0.00,0,6,0,93.75,1392.79,0,0,0,16,16,16,31,31,94,94,94,94
"None","Aggregated","1594513409",636,0,13.80,0.00,0,6,0,93.75,1392.89,0,0,1,16,16,16,31,31,94,94,94,94
"None","Aggregated","1594513411",656,0,13.90,0.00,0,6,0,93.75,1393.11,0,0,16,16,16,16,31,31,94,94,94,94
"None","Aggregated","1594513413",683,0,13.70,0.00,0,6,0,93.75,1392.97,0,0,16,16,16,31,31,74,94,94,94,94
"None","Aggregated","1594513415",715,0,13.50,0.00,0,6,0,93.75,1392.88,0,0,1,16,16,16,31,74,78,78,78,78
"None","Aggregated","1594513418",742,0,14.00,0.00,0,6,0,93.75,1392.81,0,0,0,16,16,16,31,74,78,78,78,78
"None","Aggregated","1594513420",770,0,13.10,0.00,0,5,0,93.75,1392.77,0,0,0,1,16,16,17,74,78,78,78,78
"None","Aggregated","1594513422",797,0,13.00,0.00,0,5,0,93.75,1392.75,0,0,0,0,16,16,16,17,78,78,78,78
"None","Aggregated","1594513424",823,0,13.60,0.00,0,5,0,93.75,1392.67,0,0,0,0,16,16,16,17,78,78,78,78
"None","Aggregated","1594513426",858,0,13.20,0.00,0,5,0,93.75,1392.91,0,0,16,16,16,16,17,31,78,78,78,78
"None","Aggregated","1594513428",879,0,13.90,0.00,0,5,0,93.75,1392.77,0,1,16,16,16,16,16,31,78,78,78,78
"None","Aggregated","1594513430",905,0,13.20,0.00,0,6,0,93.75,1392.60,0,16,16,16,16,16,16,31,78,78,78,78
"None","Aggregated","1594513432",939,0,13.10,0.00,0,6,0,93.75,1392.52,8,16,16,16,16,16,31,31,31,31,31,31
"None","Aggregated","1594513434",967,0,13.50,0.00,0,6,0,93.75,1392.47,16,16,16,16,16,16,16,31,31,31,31,31
"None","Aggregated","1594513436",980,0,14.10,0.00,0,6,0,93.75,1392.45,1,16,16,16,16,16,16,31,31,31,31,31
"None","Aggregated","1594513438",1014,0,11.90,0.00,0,6,0,93.75,1392.30,0,16,16,16,16,16,16,31,31,31,31,31
"None","Aggregated","1594513440",1049,0,13.20,0.00,0,6,0,93.75,1392.44,0,16,16,16,16,16,16,16,31,31,31,31
"None","Aggregated","1594513442",1074,0,13.80,0.00,0,5,0,93.75,1392.45,0,0,1,16,16,16,16,16,16,16,16,16
"None","Aggregated","1594513444",1103,0,12.70,0.00,0,5,0,93.75,1392.40,0,0,16,16,16,16,16,16,16,16,16,16
"None","Aggregated","1594513446",1134,0,12.80,0.00,0,5,0,93.75,1392.44,0,0,16,16,16,16,16,16,16,16,16,16
"None","Aggregated","1594513449",1157,0,14.50,0.00,0,5,0,93.75,1392.44,0,0,16,16,16,16,16,16,16,16,16,16
"None","Aggregated","1594513451",1178,0,13.60,0.00,0,5,0,93.75,1392.46,0,0,16,16,16,16,16,16,16,16,16,16
"None","Aggregated","1594513453",1214,0,12.60,0.00,0,5,0,93.75,1392.57,0,16,16,16,16,16,16,16,17,17,17,17
"None","Aggregated","1594513455",1240,0,13.50,0.00,0,5,0,93.75,1392.40,0,0,16,16,16,16,16,17,31,31,31,31
"None","Aggregated","1594513457",1266,0,13.30,0.00,0,5,0,93.75,1392.37,0,0,16,16,16,16,16,17,31,31,31,31
"None","Aggregated","1594513459",1299,0,12.90,0.00,0,5,0,93.75,1392.20,0,1,16,16,16,16,16,17,31,31,31,31
"None","Aggregated","1594513461",1321,0,13.40,0.00,0,5,0,93.75,1392.20,0,0,16,16,16,16,16,17,31,31,31,31
"None","Aggregated","1594513463",1350,0,13.90,0.00,0,5,0,93.75,1392.22,0,0,16,16,16,16,16,16,16,16,16,16
"None","Aggregated","1594513465",1378,0,13.20,0.00,0,5,0,93.75,1392.27,0,0,16,16,16,16,16,16,78,78,78,78
"None","Aggregated","1594513467",1409,0,13.40,0.00,0,5,0,93.75,1392.25,0,0,0,16,16,16,16,16,78,78,78,78
"None","Aggregated","1594513469",1436,0,13.90,0.00,0,5,0,93.75,1392.18,0,0,1,16,16,16,16,16,78,78,78,78
"None","Aggregated","1594513471",1458,0,13.50,0.00,0,5,0,93.75,1392.11,0,0,16,16,16,16,16,16,78,78,78,78
"None","Aggregated","1594513473",1489,0,13.60,0.00,0,5,0,93.75,1392.16,0,0,16,16,16,16,16,16,16,16,16,16
"None","Aggregated","1594513475",1517,0,13.10,0.00,0,5,0,93.75,1392.13,0,0,16,16,16,16,16,16,16,16,16,16
"None","Aggregated","1594513478",1542,0,13.20,0.00,0,5,0,93.75,1392.09,0,0,16,16,16,16,16,16,16,16,16,16
"None","Aggregated","1594513480",1562,0,12.60,0.00,0,5,0,93.75,1392.09,0,0,1,16,16,16,16,16,16,16,16,16
"None","Aggregated","1594513482",1595,0,12.20,0.00,0,5,0,93.75,1392.08,0,0,0,11,16,16,16,16,62,62,62,62
"None","Aggregated","1594513484",1626,0,13.20,0.00,0,5,0,93.75,1392.06,0,0,16,16,16,16,17,17,62,62,62,62
"None","Aggregated","1594513486",1652,0,13.40,0.00,0,5,0,93.76,1392.17,0,0,16,16,16,16,17,62,94,94,94,94
"None","Aggregated","1594513488",1678,0,13.00,0.00,0,5,0,93.76,1392.30,0,16,16,16,16,16,24,62,94,94,94,94
"None","Aggregated","1594513490",1707,0,13.10,0.00,0,5,0,93.76,1392.42,0,16,16,16,16,16,24,31,94,94,94,94
"None","Aggregated","1594513492",1736,0,13.60,0.00,0,5,0,93.76,1392.37,0,16,16,16,16,16,31,31,94,94,94,94
"None","Aggregated","1594513494",1762,0,13.20,0.00,0,5,0,93.76,1392.37,0,0,16,16,16,16,31,31,31,31,31,31
"None","Aggregated","1594513496",1787,0,13.50,0.00,0,5,0,93.76,1392.32,0,0,16,16,16,16,31,31,31,31,31,31
"None","Aggregated","1594513498",1817,0,13.40,0.00,0,5,0,93.76,1392.30,0,0,0,1,16,16,31,31,63,63,63,63
"None","Aggregated","1594513500",1847,0,13.70,0.00,0,5,0,93.76,1392.37,0,0,0,0,16,16,31,31,63,63,63,63
"None","Aggregated","1594513502",1871,0,13.90,0.00,0,5,0,93.76,1392.29,0,0,0,1,16,16,16,21,63,63,63,63
"None","Aggregated","1594513504",1900,0,13.90,0.00,0,5,0,93.76,1392.41,0,0,0,1,16,16,21,63,78,78,78,78
"None","Aggregated","1594513507",1927,0,12.70,0.00,0,5,0,93.76,1392.44,0,0,0,16,16,16,17,21,78,78,78,78
"None","Aggregated","1594513509",1955,0,13.10,0.00,0,5,0,93.76,1392.45,0,0,0,16,16,16,17,21,78,78,78,78
"None","Aggregated","1594513511",1977,0,13.20,0.00,0,5,0,93.76,1392.42,0,0,0,0,16,16,16,17,78,78,78,78
"None","Aggregated","1594513513",2010,0,12.70,0.00,0,5,0,93.76,1392.38,0,0,0,16,16,16,16,16,78,78,78,78
"None","Aggregated","1594513515",2026,0,13.50,0.00,0,5,0,93.76,1392.41,0,0,0,4,16,16,16,16,78,78,78,78
"None","Aggregated","1594513517",2061,0,12.30,0.00,0,5,0,93.76,1392.37,0,0,1,16,16,16,16,16,78,78,78,78
"None","Aggregated","1594513519",2096,0,13.20,0.00,0,5,0,93.76,1392.30,0,0,16,16,16,16,16,16,78,78,78,78
"None","Aggregated","1594513521",2114,0,13.20,0.00,0,5,0,93.76,1392.28,0,0,1,16,16,16,16,16,16,16,16,16
"None","Aggregated","1594513523",2140,0,13.50,0.00,0,5,0,93.76,1392.25,0,1,16,16,16,16,16,16,16,16,16,16
"None","Aggregated","1594513525",2167,0,12.70,0.00,0,5,0,93.76,1392.28,0,16,16,16,16,16,31,31,31,31,31,31
"None","Aggregated","1594513527",2194,0,14.00,0.00,0,5,0,93.76,1392.26,0,0,16,16,16,16,31,31,31,31,31,31
"None","Aggregated","1594513529",2225,0,12.80,0.00,0,5,0,93.76,1392.27,0,0,16,16,16,16,31,31,31,31,31,31
"None","Aggregated","1594513531",2251,0,12.80,0.00,0,5,0,93.76,1392.28,0,0,16,16,16,16,31,31,31,31,31,31
"None","Aggregated","1594513533",2282,0,12.90,0.00,0,5,0,93.76,1392.30,0,0,0,16,16,16,16,17,71,71,71,71
"None","Aggregated","1594513535",2311,0,13.30,0.00,0,5,0,93.76,1392.33,0,0,0,16,16,16,16,17,71,71,71,71
"None","Aggregated","1594513538",2333,0,13.10,0.00,0,5,0,93.76,1392.41,0,0,0,16,16,16,16,16,71,71,71,71
"None","Aggregated","1594513540",2363,0,13.70,0.00,0,5,0,93.76,1392.33,0,0,0,16,16,16,16,16,71,71,71,71
"None","Aggregated","1594513542",2382,0,13.90,0.00,0,5,0,93.76,1392.31,0,0,0,0,16,16,16,16,16,16,16,16
"None","Aggregated","1594513544",2417,0,12.90,0.00,0,5,0,93.76,1392.36,0,0,1,16,16,16,16,16,16,16,16,16
"None","Aggregated","1594513546",2446,0,13.30,0.00,0,5,0,93.76,1392.38,0,0,0,0,16,16,16,16,16,16,16,16
"None","Aggregated","1594513548",2474,0,13.10,0.00,0,5,0,93.76,1392.36,0,0,0,0,16,16,16,16,31,31,31,31
"None","Aggregated","1594513550",2496,0,13.70,0.00,0,5,0,93.76,1392.34,0,0,0,0,16,16,16,16,31,31,31,31
"None","Aggregated","1594513552",2529,0,12.40,0.00,0,5,0,93.78,1392.36,0,0,0,0,16,16,31,94,94,94,94,94
"None","Aggregated","1594513554",2556,0,13.70,0.00,0,5,0,93.78,1392.39,0,0,0,0,16,16,31,94,94,94,94,94
"None","Aggregated","1594513556",2577,0,13.70,0.00,0,5,0,93.78,1392.34,0,0,0,1,16,16,78,94,94,94,94,94
"None","Aggregated","1594513558",2599,0,12.20,0.00,0,5,0,93.78,1392.36,0,0,0,16,16,16,78,94,94,94,94,94
"None","Aggregated","1594513560",2631,0,12.30,0.00,0,5,0,93.78,1392.43,0,0,0,16,16,16,17,31,78,78,78,78
"None","Aggregated","1594513562",2667,0,13.60,0.00,0,5,0,93.78,1392.47,0,0,16,16,16,16,17,31,78,78,78,78
"None","Aggregated","1594513564",2688,0,13.30,0.00,0,5,0,93.78,1392.46,0,0,1,16,16,16,16,16,31,31,31,31
"None","Aggregated","1594513567",2717,0,12.40,0.00,0,5,0,93.78,1392.43,0,0,12,16,16,16,17,17,31,31,31,31
"None","Aggregated","1594513569",2746,0,13.50,0.00,0,5,0,93.78,1392.35,0,0,0,16,16,16,17,17,17,17,17,17
"None","Aggregated","1594513571",2777,0,13.80,0.00,0,5,0,93.78,1392.39,0,0,0,16,16,16,17,17,17,17,17,17
"None","Aggregated","1594513573",2804,0,13.90,0.00,0,5,0,93.78,1392.34,0,0,0,16,16,16,17,17,31,31,31,31
"None","Aggregated","1594513575",2829,0,13.60,0.00,0,5,0,93.78,1392.38,0,0,0,16,16,16,17,17,31,31,31,31
"None","Aggregated","1594513577",2856,0,13.50,0.00,0,5,0,93.78,1392.41,0,0,1,16,16,16,17,31,47,47,47,47
"None","Aggregated","1594513579",2886,0,13.60,0.00,0,5,0,93.78,1392.36,0,0,16,16,16,17,19,31,47,47,47,47
"None","Aggregated","1594513581",2914,0,13.30,0.00,0,5,0,93.78,1392.36,0,1,16,16,16,17,18,19,47,47,47,47
"None","Aggregated","1594513583",2944,0,13.40,0.00,0,5,0,93.78,1392.40,0,1,16,16,16,16,18,19,47,47,47,47
"None","Aggregated","1594513585",2970,0,13.00,0.00,0,5,0,93.78,1392.39,0,1,16,16,16,16,17,18,19,19,19,19
"None","Aggregated","1594513587",2992,0,14.00,0.00,0,5,0,93.78,1392.43,0,0,16,16,16,16,17,18,19,19,19,19
"None","Aggregated","1594513589",3027,0,13.40,0.00,0,5,0,93.78,1392.43,0,0,16,16,16,16,16,16,16,16,16,16
"None","Aggregated","1594513591",3058,0,13.60,0.00,0,5,0,93.78,1392.42,0,0,16,16,16,16,16,16,78,78,78,78
"None","Aggregated","1594513593",3083,0,14.30,0.00,0,5,0,93.78,1392.40,0,0,1,16,16,16,16,16,78,78,78,78
"None","Aggregated","1594513595",3105,0,13.90,0.00,0,4,0,93.78,1392.40,0,0,0,1,16,16,16,16,78,78,78,78
"None","Aggregated","1594513598",3134,0,12.60,0.00,0,4,0,93.78,1392.41,0,0,0,1,16,16,16,16,78,78,78,78
"None","Aggregated","1594513600",3166,0,13.10,0.00,0,4,0,93.78,1392.42,0,0,1,16,16,16,16,16,16,16,16,16
"None","Aggregated","1594513602",3192,0,13.50,0.00,0,4,0,93.78,1392.41,0,0,1,16,16,16,16,16,16,16,16,16
"None","Aggregated","1594513604",3214,0,13.30,0.00,0,4,0,93.78,1392.47,0,0,1,16,16,16,16,78,78,78,78,78
"None","Aggregated","1594513606",3244,0,13.00,0.00,0,4,0,93.78,1392.48,0,0,16,16,16,16,78,78,79,79,79,79
"None","Aggregated","1594513608",3271,0,13.60,0.00,0,4,0,93.78,1392.48,0,0,16,16,16,16,78,78,79,79,79,79
"None","Aggregated","1594513610",3297,0,13.40,0.00,0,4,0,93.78,1392.45,0,0,0,16,16,16,78,78,79,79,79,79
"None","Aggregated","1594513612",3323,0,12.40,0.00,0,4,0,93.78,1392.42,0,0,0,0,16,16,16,31,79,79,79,79
"None","Aggregated","1594513614",3358,0,12.50,0.00,0,4,0,93.78,1392.44,0,0,0,16,16,16,16,31,78,78,78,78
"None","Aggregated","1594513616",3375,0,13.70,0.00,0,4,0,93.78,1392.45,0,0,0,0,16,16,16,31,78,78,78,78
"None","Aggregated","1594513618",3403,0,12.80,0.00,0,4,0,93.78,1392.45,0,0,0,16,16,16,78,78,94,94,94,94
"None","Aggregated","1594513620",3432,0,12.70,0.00,0,4,0,93.78,1392.44,0,0,0,16,16,16,78,78,94,94,94,94
"None","Aggregated","1594513622",3468,0,13.00,0.00,0,4,0,93.78,1392.46,0,0,0,16,16,16,31,78,94,94,94,94
"None","Aggregated","1594513624",3491,0,13.90,0.00,0,4,0,93.78,1392.47,0,0,0,16,16,16,31,78,94,94,94,94
"None","Aggregated","1594513627",3517,0,13.00,0.00,0,4,0,93.78,1392.43,0,0,16,16,16,16,16,16,31,31,31,31
"None","Aggregated","1594513629",3547,0,13.60,0.00,0,4,0,93.78,1392.39,0,0,16,16,16,16,16,16,31,31,31,31
"None","Aggregated","1594513631",3573,0,13.60,0.00,0,4,0,93.78,1392.44,0,0,0,16,16,16,16,16,16,16,16,16
"None","Aggregated","1594513633",3601,0,13.60,0.00,0,4,0,93.78,1392.47,0,0,8,16,16,16,16,16,94,94,94,94
"None","Aggregated","1594513635",3630,0,12.80,0.00,0,4,0,93.78,1392.49,0,0,16,16,16,16,16,16,94,94,94,94
"None","Aggregated","1594513637",3655,0,13.40,0.00,0,4,0,93.78,1392.47,0,0,16,16,16,16,17,31,94,94,94,94
"None","Aggregated","1594513639",3685,0,13.60,0.00,0,4,0,93.78,1392.52,0,16,16,16,16,16,17,31,94,94,94,94
"None","Aggregated","1594513641",3717,0,13.20,0.00,0,4,0,93.78,1392.55,0,1,16,16,16,16,16,17,31,31,31,31
"None","Aggregated","1594513643",3738,0,13.40,0.00,0,4,0,93.78,1392.55,0,0,16,16,16,16,16,17,31,31,31,31
"None","Aggregated","1594513645",3762,0,13.60,0.00,0,4,0,93.78,1392.53,0,0,16,16,16,16,16,16,17,17,17,17
"None","Aggregated","1594513647",3796,0,12.50,0.00,0,4,0,93.78,1392.57,0,0,0,16,16,16,16,16,16,16,16,16
"None","Aggregated","1594513649",3824,0,13.30,0.00,0,4,0,93.78,1392.62,0,0,0,0,16,16,16,16,78,78,78,78
"None","Aggregated","1594513651",3845,0,13.40,0.00,0,4,0,93.78,1392.62,0,0,0,0,16,16,16,78,78,78,78,78
"None","Aggregated","1594513653",3868,0,13.00,0.00,0,4,0,93.78,1392.65,0,0,0,0,16,16,59,78,78,78,78,78
"None","Aggregated","1594513656",3910,0,12.10,0.00,0,4,0,93.78,1392.69,0,0,0,16,16,16,59,78,78,78,78,78
"None","Aggregated","1594513658",3932,0,13.60,0.00,0,4,0,93.78,1392.67,0,0,0,1,16,16,16,59,78,78,78,78
"None","Aggregated","1594513660",3958,0,13.30,0.00,0,4,0,93.78,1392.69,0,0,0,16,16,16,16,31,59,59,59,59
"None","Aggregated","1594513662",3982,0,12.90,0.00,0,4,0,93.78,1392.69,0,0,0,16,16,16,16,31,78,78,78,78
"None","Aggregated","1594513664",4016,0,13.20,0.00,0,4,0,93.78,1392.70,0,0,1,16,16,16,16,31,78,78,78,78
"None","Aggregated","1594513666",4040,0,13.50,0.00,0,4,0,93.78,1392.74,0,0,16,16,16,16,31,62,78,78,78,78
"None","Aggregated","1594513668",4068,0,12.80,0.00,0,4,0,93.78,1392.76,0,0,16,16,16,16,31,62,78,78,78,78
"None","Aggregated","1594513670",4094,0,12.80,0.00,0,4,0,93.78,1392.80,0,0,1,16,16,16,16,62,73,73,73,73
"None","Aggregated","1594513672",4118,0,13.30,0.00,0,4,0,93.78,1392.80,0,0,16,16,16,16,16,62,73,73,73,73
"None","Aggregated","1594513674",4146,0,13.10,0.00,0,4,0,93.78,1392.82,0,0,0,16,16,16,16,16,73,73,73,73
"None","Aggregated","1594513676",4179,0,13.50,0.00,0,4,0,93.78,1392.77,0,0,0,16,16,16,78,78,78,78,78,78
"None","Aggregated","1594513678",4206,0,13.20,0.00,0,4,0,93.78,1392.79,0,0,0,16,16,16,78,78,78,78,78,78
"None","Aggregated","1594513680",4225,0,13.60,0.00,0,4,0,93.78,1392.77,0,0,0,1,16,16,78,78,78,78,78,78
"None","Aggregated","1594513682",4259,0,13.10,0.00,0,4,0,93.78,1392.78,0,0,0,1,16,16,78,78,78,78,78,78
"None","Aggregated","1594513684",4289,0,13.90,0.00,0,4,0,93.78,1392.80,0,0,0,0,16,16,16,16,16,16,16,16
"None","Aggregated","1594513687",4314,0,13.50,0.00,0,4,0,93.78,1392.80,0,0,0,7,16,16,16,16,16,16,16,16
"None","Aggregated","1594513689",4341,0,13.20,0.00,0,4,0,93.78,1392.83,0,0,0,10,16,16,16,16,16,16,16,16
"None","Aggregated","1594513691",4371,0,13.00,0.00,0,4,0,93.78,1392.84,0,0,0,1,16,16,16,16,16,16,16,16
"None","Aggregated","1594513693",4398,0,13.60,0.00,0,4,0,93.78,1392.83,0,0,1,16,16,16,16,16,16,16,16,16
"None","Aggregated","1594513695",4424,0,12.90,0.00,0,4,0,93.78,1392.83,0,0,9,16,16,16,16,78,78,78,78,78
"None","Aggregated","1594513697",4444,0,13.30,0.00,0,4,0,93.78,1392.84,0,0,16,16,16,16,16,78,78,78,78,78
"None","Aggregated","1594513699",4476,0,12.70,0.00,0,4,0,93.78,1392.82,0,0,16,16,16,16,17,78,78,78,78,78
"None","Aggregated","1594513701",4503,0,13.00,0.00,0,4,0,93.78,1392.85,0,0,1,16,16,16,17,78,78,78,78,78
"None","Aggregated","1594513703",4529,0,13.10,0.00,0,4,0,93.78,1392.85,0,0,0,16,16,16,16,16,17,17,17,17
"None","Aggregated","1594513705",4559,0,12.70,0.00,0,4,0,93.78,1392.85,0,0,0,1,16,16,16,17,78,78,78,78
"None","Aggregated","1594513707",4586,0,12.90,0.00,0,4,0,93.78,1392.87,0,0,0,1,16,16,17,78,78,78,78,78
"None","Aggregated","1594513709",4614,0,13.90,0.00,0,4,0,93.78,1392.86,0,0,0,0,16,16,16,78,78,78,78,78
"None","Aggregated","1594513711",4638,0,12.90,0.00,0,4,0,109.41,1392.85,0,0,0,0,16,16,78,78,110,110,110,110
"None","Aggregated","1594513713",4663,0,12.90,0.00,0,4,0,109.41,1392.84,0,0,0,0,16,16,31,78,110,110,110,110
"None","Aggregated","1594513715",4695,0,12.80,0.00,0,4,0,109.41,1392.85,0,0,0,0,16,16,31,31,110,110,110,110
"None","Aggregated","1594513718",4724,0,13.10,0.00,0,4,0,109.41,1392.85,0,0,0,16,16,16,31,31,110,110,110,110
"None","Aggregated","1594513720",4750,0,13.10,0.00,0,4,0,109.41,1392.84,0,0,0,1,16,16,16,16,31,31,31,31
"None","Aggregated","1594513722",4777,0,13.10,0.00,0,4,0,109.41,1392.83,0,0,16,16,16,16,16,31,78,78,78,78
"None","Aggregated","1594513724",4811,0,13.50,0.00,0,4,0,109.41,1392.82,0,0,16,16,16,16,16,78,78,78,78,78
"None","Aggregated","1594513726",4835,0,14.20,0.00,0,4,0,109.41,1392.80,0,0,0,16,16,16,16,78,78,78,78,78
"None","Aggregated","1594513728",4857,0,13.70,0.00,0,4,0,109.41,1392.75,0,0,0,1,16,16,16,78,78,78,78,78
"None","Aggregated","1594513730",4884,0,13.10,0.00,0,4,0,109.41,1392.79,0,0,0,0,16,16,16,16,78,78,78,78
"None","Aggregated","1594513732",4915,0,13.00,0.00,0,4,0,109.41,1392.77,0,0,0,0,16,16,78,78,94,94,94,94
"None","Aggregated","1594513734",4945,0,13.30,0.00,0,4,0,109.41,1392.82,0,0,16,16,16,16,78,78,94,94,94,94
"None","Aggregated","1594513736",4967,0,12.60,0.00,0,4,0,109.41,1392.83,0,0,16,16,16,16,78,78,94,94,94,94
"None","Aggregated","1594513738",4996,0,13.00,0.00,0,4,0,109.41,1392.85,0,16,16,16,16,16,78,78,94,94,94,94
"None","Aggregated","1594513740",5026,0,13.40,0.00,0,4,0,109.41,1392.84,0,16,16,16,16,16,31,31,78,78,78,78
"None","Aggregated","1594513742",5053,0,13.60,0.00,0,4,0,109.41,1392.86,0,16,16,16,16,16,31,31,78,78,78,78
"None","Aggregated","1594513744",5079,0,13.20,0.00,0,4,0,109.41,1392.85,0,16,16,16,16,16,31,31,31,31,31,31
"None","Aggregated","1594513747",5102,0,13.50,0.00,0,4,0,109.41,1392.85,0,0,16,16,16,16,31,31,78,78,78,78
"None","Aggregated","1594513749",5132,0,12.80,0.00,0,4,0,109.41,1392.85,0,0,16,16,16,16,16,31,78,78,78,78
"None","Aggregated","1594513751",5160,0,13.10,0.00,0,4,0,109.41,1392.84,0,0,16,16,16,16,16,31,78,78,78,78
"None","Aggregated","1594513753",5187,0,12.80,0.00,0,4,0,109.41,1392.80,0,0,16,16,16,16,31,31,78,78,78,78
"None","Aggregated","1594513755",5207,0,12.90,0.00,0,4,0,109.41,1392.81,0,0,16,16,16,16,31,31,78,78,78,78
"None","Aggregated","1594513757",5237,0,12.30,0.00,0,4,0,109.41,1392.84,0,16,16,16,16,16,31,78,78,78,78,78
"None","Aggregated","1594513759",5272,0,13.00,0.00,0,4,0,109.41,1392.83,0,16,16,16,16,16,31,78,78,78,78,78
"None","Aggregated","1594513761",5291,0,13.30,0.00,0,4,0,109.41,1392.84,0,16,16,16,16,16,17,78,78,78,78,78
"None","Aggregated","1594513763",5321,0,12.80,0.00,0,4,0,109.41,1392.81,0,16,16,16,16,16,17,23,78,78,78,78
"None","Aggregated","1594513765",5347,0,13.00,0.00,0,4,0,109.41,1392.85,0,16,16,16,16,16,16,17,23,23,23,23
"None","Aggregated","1594513767",5374,0,13.50,0.00,0,4,0,109.41,1392.85,0,16,16,16,16,16,16,16,23,23,23,23
"None","Aggregated","1594513769",5399,0,13.10,0.00,0,4,0,109.41,1392.82,0,0,16,16,16,16,16,16,23,23,23,23
"None","Aggregated","1594513771",5433,0,13.20,0.00,0,4,0,109.41,1392.84,0,1,16,16,16,16,16,16,16,16,16,16
"None","Aggregated","1594513773",5459,0,13.60,0.00,0,4,0,109.41,1392.83,0,16,16,16,16,16,16,16,72,72,72,72
"None","Aggregated","1594513776",5484,0,13.00,0.00,0,4,0,109.41,1392.85,0,1,16,16,16,16,16,16,72,72,72,72
"None","Aggregated","1594513778",5512,0,13.10,0.00,0,5,0,109.41,1392.84,0,16,16,16,16,31,31,31,72,72,72,72
"None","Aggregated","1594513780",5545,0,13.70,0.00,0,5,0,109.41,1392.86,0,16,16,16,16,16,31,31,72,72,72,72
"None","Aggregated","1594513782",5568,0,14.00,0.00,0,5,0,109.41,1392.86,0,1,16,16,16,16,31,31,31,31,31,31
"None","Aggregated","1594513784",5594,0,12.90,0.00,0,4,0,109.41,1392.85,0,0,16,16,16,17,31,31,31,31,31,31
"None","Aggregated","1594513786",5624,0,13.00,0.00,0,4,0,109.41,1392.86,0,0,16,16,16,16,16,17,17,17,17,17
"None","Aggregated","1594513788",5645,0,13.30,0.00,0,4,0,109.41,1392.85,0,0,0,16,16,16,16,17,17,17,17,17
"None","Aggregated","1594513790",5679,0,13.00,0.00,0,4,0,109.41,1392.84,0,0,1,16,16,16,17,17,63,63,63,63
"None","Aggregated","1594513792",5705,0,12.90,0.00,0,5,0,109.41,1392.85,0,0,12,16,16,16,17,63,94,94,94,94
"None","Aggregated","1594513794",5732,0,13.50,0.00,0,5,0,109.41,1392.84,0,0,15,16,16,16,16,63,94,94,94,94
"None","Aggregated","1594513796",5758,0,13.60,0.00,0,4,0,109.41,1392.87,0,0,1,16,16,16,16,63,94,94,94,94
"None","Aggregated","1594513798",5789,0,13.10,0.00,0,4,0,109.41,1392.89,0,0,1,16,16,16,16,16,94,94,94,94
"None","Aggregated","1594513800",5812,0,13.80,0.00,0,4,0,109.41,1392.90,0,0,0,6,16,16,16,16,16,16,16,16
"None","Aggregated","1594513802",5841,0,13.20,0.00,0,4,0,109.41,1392.89,0,0,0,16,16,16,16,16,16,16,16,16
"None","Aggregated","1594513805",5870,0,12.70,0.00,0,4,0,109.41,1392.92,0,0,1,16,16,16,31,31,31,31,31,31
"None","Aggregated","1594513807",5902,0,13.00,0.00,0,4,0,109.41,1392.92,0,0,16,16,16,16,31,31,31,31,31,31
"None","Aggregated","1594513809",5926,0,13.70,0.00,0,4,0,109.41,1392.93,0,1,16,16,16,16,31,31,31,31,31,31
"None","Aggregated","1594513811",5950,0,13.30,0.00,0,4,0,109.41,1392.93,0,0,16,16,16,16,31,31,31,31,31,31
"None","Aggregated","1594513813",5980,0,13.10,0.00,0,4,0,109.41,1392.92,0,6,16,16,16,16,16,16,31,31,31,31
"None","Aggregated","1594513815",6006,0,13.80,0.00,0,4,0,109.41,1392.90,0,1,16,16,16,16,16,16,31,31,31,31
"None","Aggregated","1594513817",6035,0,13.10,0.00,0,4,0,109.41,1392.90,0,0,16,16,16,16,16,16,31,31,31,31
"None","Aggregated","1594513819",6057,0,13.10,0.00,0,4,0,109.41,1392.90,0,0,16,16,16,16,16,16,31,31,31,31
"None","Aggregated","1594513821",6086,0,13.00,0.00,0,4,0,109.41,1392.91,0,1,16,16,16,16,16,16,16,16,16,16
"None","Aggregated","1594513823",6121,0,13.30,0.00,0,4,0,109.41,1392.90,0,0,16,16,16,16,16,16,24,24,24,24
"None","Aggregated","1594513825",6149,0,12.90,0.00,0,4,0,109.41,1392.88,0,0,16,16,16,16,16,24,82,82,82,82
"None","Aggregated","1594513827",6170,0,14.00,0.00,0,4,0,109.41,1392.88,0,0,16,16,16,16,31,31,82,82,82,82
"None","Aggregated","1594513829",6194,0,13.10,0.00,0,4,0,109.41,1392.90,0,0,0,16,16,16,31,31,82,82,82,82
"None","Aggregated","1594513831",6229,0,12.90,0.00,0,4,0,109.41,1392.90,0,0,16,16,16,16,31,78,82,82,82,82
"None","Aggregated","1594513833",6251,0,13.90,0.00,0,4,0,109.41,1392.92,0,0,0,16,16,16,31,31,78,78,78,78
"None","Aggregated","1594513836",6281,0,13.50,0.00,0,4,0,109.41,1392.90,0,0,16,16,16,16,31,78,78,78,78,78
"None","Aggregated","1594513838",6308,0,13.00,0.00,0,4,0,109.41,1392.91,0,0,16,16,16,16,63,78,78,78,78,78
"None","Aggregated","1594513840",6332,0,13.50,0.00,0,4,0,109.41,1392.90,0,0,0,16,16,16,16,63,78,78,78,78
"None","Aggregated","1594513842",6364,0,13.10,0.00,0,4,0,109.41,1392.91,0,0,16,16,16,16,18,63,78,78,78,78
"None","Aggregated","1594513844",6392,0,13.30,0.00,0,4,0,109.41,1392.92,0,0,0,16,16,16,17,18,63,63,63,63
"None","Aggregated","1594513846",6416,0,13.80,0.00,0,4,0,109.41,1392.92,0,0,0,16,16,16,17,18,63,63,63,63
"None","Aggregated","1594513848",6442,0,13.20,0.00,0,4,0,109.41,1392.91,0,0,0,16,16,16,17,18,63,63,63,63
"None","Aggregated","1594513850",6477,0,13.00,0.00,0,4,0,109.41,1392.93,0,0,1,16,16,16,17,18,63,63,63,63
"None","Aggregated","1594513852",6504,0,13.80,0.00,0,4,0,109.41,1392.93,0,0,0,16,16,16,16,16,63,63,63,63
"None","Aggregated","1594513854",6529,0,13.70,0.00,0,4,0,109.41,1392.90,0,0,1,16,16,16,16,16,16,16,16,16
"None","Aggregated","1594513856",6556,0,12.90,0.00,0,4,0,109.41,1392.92,0,0,11,16,16,16,16,16,31,31,31,31
"None","Aggregated","1594513858",6581,0,13.00,0.00,0,4,0,109.41,1392.92,0,0,11,16,16,16,16,16,31,31,31,31
"None","Aggregated","1594513860",6609,0,13.80,0.00,0,4,0,109.41,1392.91,0,0,16,16,16,16,16,16,31,31,31,31
"None","Aggregated","1594513862",6634,0,13.70,0.00,0,4,0,109.41,1392.91,0,0,1,16,16,16,16,31,31,31,31,31
"None","Aggregated","1594513865",6659,0,12.20,0.00,0,4,0,109.41,1392.91,0,0,0,16,16,16,16,16,31,31,31,31
"None","Aggregated","1594513867",6691,0,13.00,0.00,0,4,0,109.41,1392.89,0,0,0,1,16,16,16,31,31,31,31,31
"None","Aggregated","1594513869",6719,0,12.80,0.00,0,4,0,109.41,1392.89,0,0,0,0,16,16,16,31,31,31,31,31
"None","Aggregated","1594513871",6744,0,13.50,0.00,0,4,0,109.41,1392.88,0,0,0,1,16,16,16,31,31,31,31,31
"None","Aggregated","1594513873",6778,0,12.90,0.00,0,4,0,109.41,1392.89,0,0,0,1,16,16,16,16,31,31,31,31
"None","Aggregated","1594513875",6800,0,13.80,0.00,0,4,0,109.41,1392.88,0,0,0,1,16,16,16,31,31,31,31,31
"None","Aggregated","1594513877",6826,0,14.00,0.00,0,4,0,109.41,1392.87,0,0,0,1,16,16,17,31,31,31,31,31
"None","Aggregated","1594513879",6848,0,12.80,0.00,0,4,0,109.41,1392.88,0,0,0,16,16,16,17,31,31,31,31,31
"None","Aggregated","1594513881",6886,0,12.60,0.00,0,4,0,109.41,1392.87,0,0,16,16,16,16,17,31,31,31,31,31
"None","Aggregated","1594513883",6914,0,14.00,0.00,0,4,0,109.41,1392.87,0,0,16,16,16,16,17,25,78,78,78,78
"None","Aggregated","1594513885",6938,0,13.70,0.00,0,5,0,1036.62,1392.88,0,1,16,16,16,16,25,78,1000,1000,1000,1000
"None","Aggregated","1594513887",6961,0,13.00,0.00,0,5,0,1036.62,1392.85,0,16,16,16,16,16,25,78,1000,1000,1000,1000
"None","Aggregated","1594513889",6992,0,13.60,0.00,0,5,0,1036.62,1392.84,0,16,16,16,16,16,78,78,1000,1000,1000,1000
"None","Aggregated","1594513891",7029,0,13.80,0.00,0,5,0,1036.62,1392.84,0,16,16,16,16,16,78,78,1000,1000,1000,1000
"None","Aggregated","1594513893",7048,0,13.70,0.00,0,5,0,1036.62,1392.84,0,16,16,16,16,16,78,78,1000,1000,1000,1000
"None","Aggregated","1594513896",7069,0,12.70,0.00,0,5,0,1036.62,1392.85,0,16,16,16,16,16,31,78,78,78,78,78
"None","Aggregated","1594513898",7100,0,13.30,0.00,0,5,0,1036.62,1392.85,0,0,16,16,16,16,31,31,78,78,78,78
"None","Aggregated","1594513900",7138,0,13.00,0.00,0,5,0,1036.62,1392.84,0,15,16,16,16,17,18,31,31,31,31,31
"None","Aggregated","1594513902",7161,0,13.60,0.00,0,5,0,1036.62,1392.83,0,0,16,16,16,16,17,18,31,31,31,31
"None","Aggregated","1594513904",7190,0,12.70,0.00,0,5,0,1036.62,1392.82,0,0,16,16,16,17,17,18,31,31,31,31
"None","Aggregated","1594513906",7218,0,13.50,0.00,0,5,0,1036.62,1392.82,0,0,16,16,16,16,17,17,18,18,18,18
"None","Aggregated","1594513908",7246,0,14.40,0.00,0,5,0,1036.62,1392.81,0,0,16,16,16,16,16,17,17,17,17,17
"None","Aggregated","1594513910",7271,0,13.50,0.00,0,5,0,1036.62,1392.82,0,0,16,16,16,16,17,17,78,78,78,78
"None","Aggregated","1594513912",7294,0,13.10,0.00,0,5,0,1036.62,1392.83,0,0,16,16,16,16,17,31,78,78,78,78
"None","Aggregated","1594513914",7326,0,12.80,0.00,0,5,0,1036.62,1392.83,0,0,16,16,16,17,78,78,78,78,78,78
"None","Aggregated","1594513916",7361,0,12.70,0.00,0,5,0,1036.62,1392.83,0,1,16,16,16,17,78,78,78,78,78,78
"None","Aggregated","1594513918",7382,0,13.70,0.00,0,5,0,1036.62,1392.85,0,16,16,16,16,17,78,78,78,78,78,78
"None","Aggregated","1594513920",7407,0,13.80,0.00,0,5,0,1036.62,1392.85,0,0,16,16,16,16,78,78,78,78,78,78
"None","Aggregated","1594513922",7439,0,12.70,0.00,0,5,0,1036.62,1392.86,0,16,16,16,16,16,16,78,78,78,78,78
"None","Aggregated","1594513924",7467,0,14.00,0.00,0,5,0,1036.62,1392.87,0,16,16,16,16,16,16,16,31,31,31,31
"None","Aggregated","1594513927",7490,0,14.20,0.00,0,5,0,1036.62,1392.87,0,16,16,16,16,16,16,16,31,31,31,31
"None","Aggregated","1594513929",7514,0,12.90,0.00,0,5,0,1036.62,1392.89,0,16,16,16,16,16,16,16,31,31,31,31
"None","Aggregated","1594513931",7546,0,12.90,0.00,0,5,0,1036.62,1392.88,0,16,16,16,16,16,31,31,64,64,64,64
"None","Aggregated","1594513933",7574,0,13.10,0.00,0,5,0,1036.62,1392.87,0,0,1,16,16,16,16,31,64,64,64,64
"None","Aggregated","1594513935",7596,0,13.70,0.00,0,5,0,1036.62,1392.88,0,0,16,16,16,16,16,31,64,64,64,64
"None","Aggregated","1594513937",7626,0,12.90,0.00,0,5,0,1036.62,1392.89,0,0,1,16,16,16,64,78,78,78,78,78
"None","Aggregated","1594513939",7659,0,12.80,0.00,0,5,0,1036.62,1392.90,0,0,16,16,16,16,31,78,78,78,78,78
"None","Aggregated","1594513941",7682,0,14.10,0.00,0,5,0,1036.62,1392.88,0,0,1,16,16,16,31,78,78,78,78,78
"None","Aggregated","1594513943",7707,0,13.10,0.00,0,5,0,1036.62,1392.89,0,0,1,16,16,16,31,78,78,78,78,78
"None","Aggregated","1594513945",7728,0,12.40,0.00,0,5,0,1036.62,1392.89,0,0,1,16,16,16,16,16,31,31,31,31
"None","Aggregated","1594513947",7756,0,12.70,0.00,0,5,0,1036.62,1392.91,0,0,16,16,16,16,16,78,94,94,94,94
"None","Aggregated","1594513949",7784,0,13.20,0.00,0,5,0,1036.62,1392.91,0,0,16,16,16,16,78,78,94,94,94,94
"None","Aggregated","1594513951",7817,0,12.40,0.00,0,5,0,1036.62,1392.89,0,16,16,16,16,16,78,94,94,94,94,94
"None","Aggregated","1594513953",7843,0,13.10,0.00,0,5,0,1036.62,1392.90,0,16,16,16,16,16,90,94,94,94,94,94
"None","Aggregated","1594513956",7870,0,13.60,0.00,0,5,0,1036.62,1392.91,0,16,16,16,16,31,78,90,94,94,94,94
"None","Aggregated","1594513958",7901,0,13.70,0.00,0,5,0,1036.62,1392.92,0,16,16,16,16,16,31,90,94,94,94,94
"None","Aggregated","1594513960",7923,0,13.80,0.00,0,5,0,1036.62,1392.91,0,16,16,16,16,16,31,31,90,90,90,90
"None","Aggregated","1594513962",7955,0,13.00,0.00,0,5,0,1036.62,1392.89,0,0,16,16,16,16,31,31,31,31,31,31
"None","Aggregated","1594513964",7981,0,13.10,0.00,0,5,0,1036.62,1392.91,0,0,0,16,16,16,31,31,31,31,31,31
"None","Aggregated","1594513966",8005,0,13.40,0.00,0,5,0,1036.62,1392.90,0,0,0,16,16,16,31,31,78,78,78,78
"None","Aggregated","1594513968",8036,0,13.30,0.00,0,5,0,1036.62,1392.88,0,0,0,16,16,16,78,78,78,78,78,78
"None","Aggregated","1594513970",8064,0,12.90,0.00,0,5,0,1036.62,1392.88,0,0,0,16,16,16,78,78,78,78,78,78
"None","Aggregated","1594513972",8091,0,13.70,0.00,0,5,0,1036.62,1392.87,0,0,16,16,16,16,78,78,78,78,78,78
"None","Aggregated","1594513974",8115,0,13.40,0.00,0,5,0,1036.62,1392.86,0,0,16,16,16,16,78,78,78,78,78,78
"None","Aggregated","1594513976",8140,0,12.60,0.00,0,5,0,1036.62,1392.88,0,0,16,16,16,16,17,78,78,78,78,78
"None","Aggregated","1594513978",8170,0,13.50,0.00,0,5,0,1036.62,1392.89,0,0,16,16,16,16,16,17,17,17,17,17
"None","Aggregated","1594513980",8195,0,13.60,0.00,0,5,0,1036.62,1392.88,0,0,11,16,16,16,17,17,78,78,78,78
"None","Aggregated","1594513982",8229,0,12.60,0.00,0,5,0,1036.62,1392.90,0,0,0,16,16,16,17,78,78,78,78,78
"None","Aggregated","1594513984",8258,0,13.70,0.00,0,5,0,1036.62,1392.91,0,0,0,16,16,16,16,78,78,78,78,78
"None","Aggregated","1594513987",8284,0,13.90,0.00,0,5,0,1036.62,1392.91,0,0,0,16,16,16,16,78,78,78,78,78
"None","Aggregated","1594513989",8312,0,13.40,0.00,0,5,0,1036.62,1392.91,0,0,16,16,16,16,16,16,78,78,78,78
"None","Aggregated","1594513991",8338,0,13.70,0.00,0,5,0,1036.62,1392.89,0,0,3,16,16,16,16,16,16,16,16,16
"None","Aggregated","1594513993",8365,0,13.40,0.00,0,5,0,1036.62,1392.90,0,0,16,16,16,16,16,31,78,78,78,78
"None","Aggregated","1594513995",8394,0,13.30,0.00,0,5,0,1036.62,1392.92,0,0,16,16,16,16,31,78,78,78,78,78
"None","Aggregated","1594513997",8426,0,13.40,0.00,0,5,0,1036.62,1392.93,0,0,16,16,16,16,31,78,78,78,78,78
"None","Aggregated","1594513999",8449,0,13.40,0.00,0,5,0,1036.62,1392.95,0,0,16,16,16,16,31,78,78,78,78,78
"None","Aggregated","1594514001",8479,0,13.60,0.00,0,5,0,1036.62,1392.94,0,0,1,16,16,16,16,16,78,78,78,78
"None","Aggregated","1594514003",8507,0,13.50,0.00,0,5,0,1036.62,1392.94,0,0,11,16,16,16,16,16,16,16,16,16
"None","Aggregated","1594514005",8530,0,13.60,0.00,0,5,0,1036.62,1392.92,0,0,0,16,16,16,16,16,16,16,16,16
"None","Aggregated","1594514007",8556,0,12.90,0.00,0,5,0,1036.62,1392.92,0,0,0,16,16,16,16,16,16,16,16,16
"None","Aggregated","1594514009",8591,0,12.70,0.00,0,5,0,1036.62,1392.90,0,0,0,16,16,16,78,78,78,78,78,78
"None","Aggregated","1594514011",8615,0,13.40,0.00,0,5,0,1036.62,1392.91,0,0,16,16,16,16,78,78,78,78,78,78
"None","Aggregated","1594514013",8641,0,13.50,0.00,0,5,0,1036.62,1392.91,0,0,16,16,16,16,78,78,78,78,78,78
"None","Aggregated","1594514015",8669,0,12.90,0.00,0,5,0,1036.62,1392.91,0,0,0,16,16,16,78,78,78,78,78,78
"None","Aggregated","1594514018",8697,0,13.20,0.00,0,5,0,1036.62,1392.91,0,0,16,16,16,16,31,66,78,78,78,78
"None","Aggregated","1594514020",8727,0,14.10,0.00,0,5,0,1036.62,1392.92,0,0,0,16,16,16,31,66,78,78,78,78
"None","Aggregated","1594514022",8758,0,13.20,0.00,0,5,0,1036.62,1392.92,0,0,0,16,16,16,31,66,78,78,78,78
"None","Aggregated","1594514024",8777,0,13.60,0.00,0,5,0,1036.62,1392.90,0,0,0,16,16,16,17,78,78,78,78,78
"None","Aggregated","1594514026",8804,0,13.30,0.00,0,5,0,1036.62,1392.91,0,0,1,16,16,16,16,17,78,78,78,78
"None","Aggregated","1594514028",8838,0,12.70,0.00,0,5,0,1036.62,1392.92,0,0,16,16,16,16,16,16,78,78,78,78
"None","Aggregated","1594514030",8865,0,13.80,0.00,0,5,0,1036.62,1392.93,0,0,16,16,16,16,31,78,94,94,94,94
"None","Aggregated","1594514032",8891,0,13.40,0.00,0,5,0,1036.62,1392.94,0,16,16,16,16,16,31,31,94,94,94,94
"None","Aggregated","1594514034",8917,0,12.50,0.00,0,5,0,1036.62,1392.93,0,1,16,16,16,16,31,31,94,94,94,94
"None","Aggregated","1594514036",8940,0,13.50,0.00,0,5,0,1036.62,1392.93,0,0,16,16,16,16,31,78,94,94,94,94
"None","Aggregated","1594514038",8969,0,14.10,0.00,0,5,0,1036.62,1392.93,0,0,16,16,16,16,16,16,78,78,78,78
"None","Aggregated","1594514040",8997,0,12.50,0.00,0,5,0,1036.62,1392.95,0,0,16,16,16,16,16,16,78,78,78,78
"None","Aggregated","1594514042",9029,0,12.70,0.00,0,5,0,1036.62,1392.93,0,0,16,16,16,16,16,17,78,78,78,78
"None","Aggregated","1594514044",9055,0,13.10,0.00,0,5,0,1036.62,1392.93,0,0,16,16,16,16,16,16,17,17,17,17
"None","Aggregated","1594514046",9087,0,13.40,0.00,0,5,0,1036.62,1392.94,0,0,16,16,16,16,17,31,78,78,78,78
"None","Aggregated","1594514049",9114,0,13.60,0.00,0,5,0,1036.62,1392.94,0,16,16,16,16,16,17,31,78,78,78,78
"None","Aggregated","1594514051",9140,0,13.70,0.00,0,5,0,1036.62,1392.95,0,1,16,16,16,16,17,31,78,78,78,78
"None","Aggregated","1594514053",9167,0,13.70,0.00,0,5,0,1036.62,1392.94,0,15,16,16,16,16,17,31,78,78,78,78
"None","Aggregated","1594514055",9200,0,13.70,0.00,0,5,0,1036.62,1392.93,0,16,16,16,16,16,16,17,31,31,31,31
"None","Aggregated","1594514057",9218,0,14.10,0.00,0,5,0,1036.62,1392.94,0,16,16,16,16,16,16,17,31,31,31,31
"None","Aggregated","1594514059",9252,0,13.00,0.00,0,5,0,1036.62,1392.96,0,16,16,16,16,16,31,31,31,31,31,31
"None","Aggregated","1594514061",9279,0,13.60,0.00,0,5,0,1036.62,1392.96,0,16,16,16,16,16,31,31,31,31,31,31
"None","Aggregated","1594514063",9303,0,12.90,0.00,0,5,0,1036.62,1392.97,0,0,16,16,16,16,31,31,31,31,31,31
"None","Aggregated","1594514065",9326,0,12.90,0.00,0,5,0,1036.62,1392.96,0,0,16,16,16,16,16,31,31,31,31,31
"None","Aggregated","1594514067",9357,0,12.50,0.00,0,5,0,1036.62,1392.95,0,0,1,16,16,16,16,31,31,31,31,31
"None","Aggregated","1594514069",9383,0,12.90,0.00,0,5,0,1036.62,1392.95,0,0,0,1,16,16,16,78,78,78,78,78
"None","Aggregated","1594514071",9415,0,12.50,0.00,0,5,0,1036.62,1392.94,0,0,1,16,16,16,16,78,78,78,78,78
"None","Aggregated","1594514073",9438,0,13.70,0.00,0,5,0,1036.62,1392.94,0,0,3,16,16,16,16,78,78,78,78,78
"None","Aggregated","1594514075",9467,0,13.20,0.00,0,5,0,1036.62,1392.95,0,0,16,16,16,16,16,78,78,78,78,78
"None","Aggregated","1594514078",9491,0,13.40,0.00,0,5,0,1036.62,1392.96,0,0,16,16,16,16,16,16,16,16,16,16
"None","Aggregated","1594514080",9523,0,13.10,0.00,0,5,0,1036.62,1392.95,0,0,3,16,16,16,16,31,31,31,31,31
"None","Aggregated","1594514082",9547,0,13.30,0.00,0,5,0,1036.62,1392.95,0,0,16,16,16,16,31,31,78,78,78,78
"None","Aggregated","1594514084",9576,0,13.10,0.00,0,5,0,1036.62,1392.96,0,0,0,16,16,16,31,31,78,78,78,78
"None","Aggregated","1594514086",9604,0,13.10,0.00,0,5,0,1036.62,1392.95,0,0,15,16,16,16,31,31,78,78,78,78
"None","Aggregated","1594514088",9633,0,13.30,0.00,0,5,0,1036.62,1392.96,0,0,0,16,16,16,16,17,78,78,78,78
"None","Aggregated","1594514090",9661,0,13.60,0.00,0,5,0,1036.62,1392.95,0,0,0,16,16,16,17,63,78,78,78,78
"None","Aggregated","1594514092",9685,0,13.60,0.00,0,5,0,1036.62,1392.95,0,0,0,15,16,16,17,63,78,78,78,78
"None","Aggregated","1594514094",9718,0,13.00,0.00,0,5,0,1036.62,1392.97,0,0,0,16,16,16,16,63,78,78,78,78
"None","Aggregated","1594514096",9745,0,13.90,0.00,0,5,0,1036.62,1392.96,0,0,0,16,16,16,16,63,78,78,78,78
"None","Aggregated","1594514098",9771,0,13.10,0.00,0,5,0,1036.62,1392.95,0,0,0,16,16,16,16,16,16,16,16,16
"None","Aggregated","1594514100",9801,0,13.60,0.00,0,5,0,1036.62,1392.95,0,0,16,16,16,16,16,16,31,31,31,31
"None","Aggregated","1594514102",9827,0,13.00,0.00,0,5,0,1036.62,1392.96,0,1,16,16,16,16,16,16,31,31,31,31
"None","Aggregated","1594514104",9857,0,13.90,0.00,0,5,0,1036.62,1392.94,0,1,16,16,16,16,16,16,31,31,31,31
"None","Aggregated","1594514107",9892,0,13.00,0.00,0,5,0,1036.62,1392.93,0,0,16,16,16,16,31,78,94,94,94,94
"None","Aggregated","1594514109",9911,0,14.10,0.00,0,5,0,1036.62,1392.92,0,0,16,16,16,16,16,78,94,94,94,94
"None","Aggregated","1594514111",9943,0,13.60,0.00,0,5,0,1036.62,1392.91,0,0,16,16,16,16,16,78,94,94,94,94
"None","Aggregated","1594514113",9974,0,14.00,0.00,0,5,0,1036.62,1392.92,0,0,16,16,16,16,78,78,94,94,94,94
"None","Aggregated","1594514115",9999,0,14.20,0.00,0,5,0,1036.62,1392.93,0,0,16,16,16,16,16,16,78,78,78,78
"None","Aggregated","1594514117",10020,0,13.70,0.00,0,5,0,1036.62,1392.92,0,0,16,16,16,16,16,16,78,78,78,78
"None","Aggregated","1594514119",10047,0,12.60,0.00,0,5,0,1036.62,1392.92,0,1,16,16,16,16,16,31,78,78,78,78
"None","Aggregated","1594514121",10085,0,13.60,0.00,0,5,0,1036.62,1392.90,0,1,16,16,16,16,16,16,31,31,31,31
"None","Aggregated","1594514123",10105,0,13.20,0.00,0,5,0,1036.62,1392.90,0,0,16,16,16,16,16,16,31,31,31,31
"None","Aggregated","1594514125",10136,0,13.00,0.00,0,5,0,1036.62,1392.90,0,16,16,16,16,16,16,16,31,31,31,31
"None","Aggregated","1594514127",10161,0,13.00,0.00,0,5,0,1036.62,1392.89,0,16,16,16,16,16,16,16,31,31,31,31
"None","Aggregated","1594514129",10185,0,13.70,0.00,0,5,0,1036.62,1392.90,0,0,16,16,16,16,16,16,16,16,16,16
"None","Aggregated","1594514131",10217,0,12.80,0.00,0,5,0,1036.62,1392.92,0,0,16,16,16,16,16,16,16,16,16,16
"None","Aggregated","1594514134",10247,0,12.50,0.00,0,5,0,1036.62,1392.92,0,0,0,16,16,16,16,16,16,16,16,16
"None","Aggregated","1594514136",10273,0,13.30,0.00,0,5,0,1036.62,1392.91,0,0,0,0,16,16,16,16,16,16,16,16
"None","Aggregated","1594514138",10298,0,13.80,0.00,0,5,0,1036.62,1392.91,0,0,0,0,16,16,16,16,16,16,16,16
"None","Aggregated","1594514140",10329,0,13.50,0.00,0,5,0,1036.62,1392.92,0,0,0,0,16,16,16,16,16,16,16,16
"None","Aggregated","1594514142",10360,0,14.10,0.00,0,5,0,1036.62,1392.93,0,0,0,0,16,16,16,16,78,78,78,78
"None","Aggregated","1594514144",10381,0,13.60,0.00,0,5,0,1036.62,1392.94,0,0,0,7,16,16,16,17,78,78,78,78
"None","Aggregated","1594514146",10409,0,13.00,0.00,0,5,0,1036.62,1392.93,0,0,0,16,16,16,16,17,78,78,78,78
"None","Aggregated","1594514148",10435,0,13.40,0.00,0,5,0,1036.62,1392.92,0,0,3,16,16,16,16,17,78,78,78,78
"None","Aggregated","1594514150",10468,0,13.20,0.00,0,5,0,1036.62,1392.93,0,0,16,16,16,16,16,17,78,78,78,78
"None","Aggregated","1594514152",10496,0,13.10,0.00,0,5,0,1036.62,1392.92,0,0,16,16,16,16,16,17,78,78,78,78
"None","Aggregated","1594514154",10520,0,13.10,0.00,0,5,0,1036.62,1392.91,0,0,3,16,16,16,16,78,78,78,78,78
"None","Aggregated","1594514156",10550,0,13.30,0.00,0,5,0,1036.62,1392.91,0,0,0,16,16,16,16,78,78,78,78,78
"None","Aggregated","1594514158",10576,0,13.30,0.00,0,5,0,1036.62,1392.91,0,0,0,1,16,16,16,16,78,78,78,78
"None","Aggregated","1594514160",10601,0,13.40,0.00,0,5,0,1036.62,1392.92,0,0,0,16,16,16,16,78,78,78,78,78
"None","Aggregated","1594514162",10631,0,13.40,0.00,0,5,0,1036.62,1392.91,0,0,1,16,16,16,16,31,78,78,78,78
"None","Aggregated","1594514165",10661,0,13.20,0.00,0,5,0,1036.62,1392.91,0,0,16,16,16,16,16,31,78,78,78,78
"None","Aggregated","1594514167",10684,0,13.90,0.00,0,5,0,1036.62,1392.89,0,0,16,16,16,16,31,78,78,78,78,78
"None","Aggregated","1594514169",10718,0,12.70,0.00,0,5,0,1036.62,1392.89,0,0,16,16,16,16,16,31,78,78,78,78
"None","Aggregated","1594514171",10740,0,13.50,0.00,0,5,0,1036.62,1392.89,0,0,16,16,16,16,16,16,78,78,78,78
"None","Aggregated","1594514173",10773,0,13.50,0.00,0,5,0,1036.62,1392.88,0,0,16,16,16,16,16,16,78,78,78,78
"None","Aggregated","1594514175",10796,0,13.50,0.00,0,5,0,1036.62,1392.88,0,0,16,16,16,16,16,16,16,16,16,16
"None","Aggregated","1594514177",10822,0,13.10,0.00,0,5,0,1036.62,1392.89,0,0,11,16,16,16,31,31,47,47,47,47
"None","Aggregated","1594514179",10856,0,13.60,0.00,0,5,0,1036.62,1392.90,0,0,11,16,16,16,31,31,47,47,47,47
"None","Aggregated","1594514181",10882,0,13.90,0.00,0,5,0,1036.62,1392.89,0,0,10,16,16,16,31,47,78,78,78,78
"None","Aggregated","1594514183",10907,0,13.80,0.00,0,5,0,1036.62,1392.89,0,0,15,16,16,16,31,47,78,78,78,78
"None","Aggregated","1594514185",10939,0,13.30,0.00,0,5,0,1036.62,1392.89,0,0,10,16,16,16,16,78,78,78,78,78
"None","Aggregated","1594514187",10966,0,13.80,0.00,0,5,0,1036.62,1392.90,0,0,16,16,16,16,16,78,78,78,78,78
"None","Aggregated","1594514189",10990,0,13.50,0.00,0,5,0,1036.62,1392.90,0,0,16,16,16,16,16,16,78,78,78,78
"None","Aggregated","1594514191",11019,0,12.30,0.00,0,5,0,1036.62,1392.90,0,0,16,16,16,16,16,16,78,78,78,78
"None","Aggregated","1594514193",11047,0,13.10,0.00,0,5,0,1036.62,1392.90,0,0,0,16,16,16,16,16,16,16,16,16
"None","Aggregated","1594514196",11077,0,13.20,0.00,0,5,0,1036.62,1392.89,0,0,12,16,16,16,16,16,16,16,16,16
"None","Aggregated","1594514198",11102,0,13.20,0.00,0,5,0,1036.62,1392.91,0,0,14,16,16,16,16,16,78,78,78,78
"None","Aggregated","1594514200",11131,0,13.70,0.00,0,5,0,1036.62,1392.90,0,0,16,16,16,16,16,16,78,78,78,78
"None","Aggregated","1594514202",11157,0,13.80,0.00,0,5,0,1036.62,1392.92,0,0,16,16,16,16,16,16,78,78,78,78
"None","Aggregated","1594514204",11191,0,13.60,0.00,0,5,0,1036.62,1392.92,0,16,16,16,16,16,16,78,78,78,78,78
"None","Aggregated","1594514206",11212,0,13.70,0.00,0,5,0,1036.62,1392.93,0,0,16,16,16,16,16,16,78,78,78,78
"None","Aggregated","1594514208",11233,0,13.30,0.00,0,5,0,1036.62,1392.92,0,0,16,16,16,16,16,78,78,78,78,78
"None","Aggregated","1594514210",11265,0,13.00,0.00,0,5,0,1036.62,1392.93,0,0,16,16,16,16,16,78,78,78,78,78
"None","Aggregated","1594514212",11292,0,12.40,0.00,0,5,0,1036.62,1392.93,0,0,12,16,16,16,16,16,78,78,78,78
"None","Aggregated","1594514214",11317,0,12.90,0.00,0,5,0,1036.62,1392.92,0,0,0,16,16,16,16,16,78,78,78,78
"None","Aggregated","1594514216",11344,0,12.50,0.00,0,5,0,1036.62,1392.91,0,0,16,16,16,16,16,16,16,16,16,16
"None","Aggregated","1594514218",11369,0,12.70,0.00,0,5,0,1036.62,1392.91,0,0,16,16,16,16,16,16,16,16,16,16
"None","Aggregated","1594514220",11406,0,12.70,0.00,0,5,0,1036.62,1392.90,0,0,16,16,16,16,16,16,16,16,16,16
"None","Aggregated","1594514222",11426,0,13.80,0.00,0,5,0,1036.62,1392.91,0,0,16,16,16,16,16,16,16,16,16,16
"None","Aggregated","1594514224",11450,0,13.30,0.00,0,5,0,1036.62,1392.91,0,0,0,16,16,16,16,16,63,63,63,63
"None","Aggregated","1594514227",11485,0,13.10,0.00,0,5,0,1036.62,1392.90,0,0,1,16,16,16,16,16,63,63,63,63
"None","Aggregated","1594514229",11509,0,13.40,0.00,0,5,0,1036.62,1392.90,0,0,0,13,16,16,16,16,63,63,63,63
"None","Aggregated","1594514231",11536,0,13.70,0.00,0,5,0,1036.62,1392.89,0,0,1,16,16,16,16,16,63,63,63,63
"None","Aggregated","1594514233",11568,0,12.70,0.00,0,5,0,1036.62,1392.90,0,0,16,16,16,16,16,16,16,16,16,16
"None","Aggregated","1594514235",11593,0,13.70,0.00,0,5,0,1036.62,1392.90,0,0,13,16,16,16,16,16,16,16,16,16
"None","Aggregated","1594514237",11624,0,13.90,0.00,0,5,0,1036.62,1392.89,0,0,16,16,16,16,16,16,16,16,16,16
"None","Aggregated","1594514239",11654,0,13.70,0.00,0,5,0,1036.62,1392.89,0,16,16,16,16,16,16,16,16,16,16,16
"None","Aggregated","1594514241",11683,0,13.50,0.00,0,5,0,1036.62,1392.88,0,16,16,16,16,16,16,16,16,16,16,16
"None","Aggregated","1594514243",11705,0,14.30,0.00,0,5,0,1036.62,1392.89,0,13,16,16,16,16,16,16,31,31,31,31
"None","Aggregated","1594514245",11736,0,13.60,0.00,0,5,0,1036.62,1392.89,0,16,16,16,16,16,31,31,78,78,78,78
"None","Aggregated","1594514247",11771,0,14.20,0.00,0,5,0,1036.62,1392.89,0,0,16,16,16,16,78,78,78,78,78,78
"None","Aggregated","1594514249",11789,0,14.00,0.00,0,5,0,1036.62,1392.89,0,0,16,16,16,16,78,78,78,78,78,78
"None","Aggregated","1594514251",11814,0,13.30,0.00,0,5,0,1036.62,1392.90,0,0,16,16,16,16,78,78,78,78,78,78
"None","Aggregated","1594514253",11848,0,12.40,0.00,0,5,0,1036.62,1392.92,0,0,16,16,16,16,31,78,78,78,78,78
"None","Aggregated","1594514255",11877,0,13.80,0.00,0,5,0,1036.62,1392.91,0,0,16,16,16,16,16,16,16,16,16,16
"None","Aggregated","1594514258",11896,0,13.30,0.00,0,5,0,1036.62,1392.92,0,0,16,16,16,16,16,16,63,63,63,63
"None","Aggregated","1594514260",11924,0,12.40,0.00,0,5,0,1036.62,1392.92,0,0,16,16,16,16,16,16,63,63,63,63
"None","Aggregated","1594514262",11955,0,13.70,0.00,0,5,0,1036.62,1392.94,0,0,16,16,16,16,16,31,63,63,63,63
"None","Aggregated","1594514264",11982,0,13.90,0.00,0,5,0,1036.62,1392.94,0,16,16,16,16,16,31,31,63,63,63,63
"None","Aggregated","1594514266",12012,0,13.20,0.00,0,5,0,1036.62,1392.94,0,16,16,16,16,16,31,31,79,79,79,79
"None","Aggregated","1594514268",12043,0,13.10,0.00,0,5,0,1036.62,1392.94,0,16,16,16,16,16,31,31,79,79,79,79
"None","Aggregated","1594514270",12065,0,14.10,0.00,0,5,0,1036.62,1392.93,0,16,16,16,16,16,31,31,79,79,79,79
"None","Aggregated","1594514272",12097,0,13.80,0.00,0,5,0,1036.62,1392.93,0,16,16,16,16,16,31,79,94,94,94,94
"None","Aggregated","1594514274",12122,0,13.70,0.00,0,5,0,1036.62,1392.94,0,16,16,16,16,16,31,94,94,94,94,94
"None","Aggregated","1594514276",12150,0,13.50,0.00,0,5,0,1036.62,1392.95,0,16,16,16,16,16,31,94,94,94,94,94
"None","Aggregated","1594514278",12178,0,12.90,0.00,0,5,0,1036.62,1392.95,0,16,16,16,16,16,31,94,94,94,94,94
"None","Aggregated","1594514280",12202,0,13.00,0.00,0,5,0,1036.62,1392.94,0,16,16,16,16,16,31,31,94,94,94,94
"None","Aggregated","1594514283",12235,0,12.80,0.00,0,5,0,1036.62,1392.95,0,13,16,16,16,16,31,31,31,31,31,31
"None","Aggregated","1594514285",12257,0,13.00,0.00,0,5,0,1036.62,1392.96,0,14,16,16,16,16,31,31,78,78,78,78
"None","Aggregated","1594514287",12287,0,13.20,0.00,0,5,0,1036.62,1392.96,0,0,16,16,16,16,31,63,78,78,78,78
"None","Aggregated","1594514289",12311,0,13.10,0.00,0,5,0,1036.62,1392.97,0,0,16,16,16,16,31,63,78,78,78,78
"None","Aggregated","1594514291",12339,0,12.50,0.00,0,5,0,1036.62,1392.97,0,0,16,16,16,16,17,63,78,78,78,78
"None","Aggregated","1594514293",12368,0,13.50,0.00,0,5,0,1036.62,1392.97,0,0,16,16,16,16,31,31,63,63,63,63
"None","Aggregated","1594514295",12393,0,13.10,0.00,0,5,0,1036.62,1392.96,0,0,16,16,16,16,31,31,78,78,78,78
"None","Aggregated","1594514297",12420,0,13.30,0.00,0,5,0,1036.62,1392.98,0,0,16,16,16,16,31,31,78,78,78,78
"None","Aggregated","1594514299",12444,0,12.80,0.00,0,5,0,1036.62,1392.98,0,0,16,16,16,16,31,31,78,78,78,78
"None","Aggregated","1594514301",12475,0,13.00,0.00,0,5,0,1036.62,1393.00,0,0,16,16,16,16,16,16,78,78,78,78
"None","Aggregated","1594514303",12506,0,12.80,0.00,0,5,0,1036.62,1393.01,0,0,6,16,16,16,16,16,16,16,16,16
"None","Aggregated","1594514305",12535,0,12.90,0.00,0,5,0,1036.62,1393.01,0,0,1,16,16,16,16,16,31,31,31,31
"None","Aggregated","1594514307",12558,0,13.30,0.00,0,5,0,1036.62,1393.01,0,0,0,16,16,16,16,16,31,31,31,31
"None","Aggregated","1594514309",12586,0,12.90,0.00,0,5,0,1036.62,1393.01,0,0,0,1,16,16,16,16,31,31,31,31
"None","Aggregated","1594514311",12614,0,13.90,0.00,0,5,0,1036.62,1393.01,0,0,0,16,16,16,16,16,31,31,31,31
"None","Aggregated","1594514313",12643,0,13.80,0.00,0,5,0,1036.62,1393.01,0,0,1,16,16,16,16,16,71,71,71,71
"None","Aggregated","1594514316",12665,0,13.50,0.00,0,5,0,1036.62,1393.02,0,0,16,16,16,16,16,16,71,71,71,71
"None","Aggregated","1594514318",12699,0,12.50,0.00,0,5,0,1036.62,1393.01,0,16,16,16,16,16,16,16,71,71,71,71
"None","Aggregated","1594514320",12722,0,13.20,0.00,0,5,0,1036.62,1393.00,0,16,16,16,16,16,71,94,94,94,94,94
"None","Aggregated","1594514322",12751,0,13.20,0.00,0,5,0,1036.62,1393.00,0,1,16,16,16,16,16,94,94,94,94,94
"None","Aggregated","1594514324",12781,0,13.10,0.00,0,5,0,1036.62,1392.99,0,1,16,16,16,16,78,94,94,94,94,94
"None","Aggregated","1594514326",12804,0,13.40,0.00,0,5,0,1036.62,1392.99,0,0,16,16,16,16,78,94,94,94,94,94
"None","Aggregated","1594514328",12835,0,13.80,0.00,0,5,0,1036.62,1393.00,0,0,16,16,16,16,18,31,78,78,78,78
"None","Aggregated","1594514330",12860,0,13.30,0.00,0,5,0,1036.62,1393.00,0,0,16,16,16,16,18,31,78,78,78,78
"None","Aggregated","1594514332",12888,0,13.30,0.00,0,5,0,1036.62,1393.00,0,0,0,16,16,16,18,18,31,31,31,31
"None","Aggregated","1594514334",12919,0,13.20,0.00,0,5,0,1036.62,1393.01,0,0,0,16,16,18,31,31,31,31,31,31
"None","Aggregated","1594514336",12942,0,13.00,0.00,0,5,0,1036.62,1393.01,0,0,0,14,16,16,31,31,31,31,31,31
"None","Aggregated","1594514338",12968,0,12.60,0.00,0,5,0,1036.62,1393.01,0,0,0,16,16,16,31,31,31,31,31,31
"None","Aggregated","1594514340",12999,0,13.10,0.00,0,5,0,1036.62,1393.01,0,0,14,16,16,16,31,31,31,31,31,31
"None","Aggregated","1594514342",13024,0,13.00,0.00,0,5,0,1036.62,1393.02,0,0,16,16,16,16,17,63,63,63,63,63
"None","Aggregated","1594514345",13047,0,13.20,0.00,0,5,0,1036.62,1393.01,0,0,16,16,16,16,16,63,63,63,63,63
"None","Aggregated","1594514347",13072,0,12.30,0.00,0,5,0,1036.62,1393.01,0,0,16,16,16,16,16,63,63,63,63,63
"None","Aggregated","1594514349",13108,0,12.70,0.00,0,5,0,1036.62,1393.00,0,16,16,16,16,16,17,63,63,63,63,63
"None","Aggregated","1594514351",13129,0,13.60,0.00,0,5,0,1036.62,1393.00,0,1,16,16,16,16,16,16,17,17,17,17
"None","Aggregated","1594514353",13161,0,12.50,0.00,0,5,0,1036.62,1392.99,0,16,16,16,16,16,16,17,78,78,78,78
"None","Aggregated","1594514355",13181,0,13.30,0.00,0,5,0,1036.62,1392.99,0,16,16,16,16,16,16,17,78,78,78,78
"None","Aggregated","1594514357",13208,0,13.00,0.00,0,5,0,1036.62,1392.99,0,13,16,16,16,16,16,17,78,78,78,78
"None","Aggregated","1594514359",13240,0,13.20,0.00,0,5,0,1036.62,1392.99,0,16,16,16,16,16,16,16,78,78,78,78
"None","Aggregated","1594514361",13271,0,12.50,0.00,0,5,0,1036.62,1392.98,0,16,16,16,16,16,16,16,78,78,78,78
"None","Aggregated","1594514363",13289,0,14.00,0.00,0,5,0,1036.62,1392.98,0,16,16,16,16,16,16,16,78,78,78,78
"None","Aggregated","1594514365",13321,0,12.60,0.00,0,5,0,1036.62,1392.98,0,16,16,16,16,16,16,31,78,78,78,78
"None","Aggregated","1594514367",13353,0,12.90,0.00,0,5,0,1036.62,1392.99,0,16,16,16,16,16,31,31,78,78,78,78
"None","Aggregated","1594514369",13378,0,13.50,0.00,0,5,0,1036.62,1392.98,0,16,16,16,16,16,16,31,31,31,31,31
"None","Aggregated","1594514371",13398,0,14.30,0.00,0,5,0,1036.62,1392.97,0,16,16,16,16,16,16,31,31,31,31,31
"None","Aggregated","1594514374",13428,0,12.70,0.00,0,5,0,1036.62,1392.97,0,16,16,16,16,16,16,31,31,31,31,31
"None","Aggregated","1594514376",13463,0,13.40,0.00,0,5,0,1036.62,1392.95,0,0,16,16,16,16,31,31,94,94,94,94
"None","Aggregated","1594514378",13485,0,13.80,0.00,0,5,0,1036.62,1392.95,0,0,16,16,16,16,31,31,94,94,94,94
"None","Aggregated","1594514380",13516,0,12.90,0.00,0,5,0,1036.62,1392.96,0,0,16,16,16,16,31,31,94,94,94,94
"None","Aggregated","1594514382",13533,0,13.50,0.00,0,5,0,1036.62,1392.96,0,0,16,16,16,16,31,63,94,94,94,94
"None","Aggregated","1594514384",13567,0,13.30,0.00,0,5,0,1036.62,1392.97,0,0,6,16,16,16,16,16,63,63,63,63
"None","Aggregated","1594514386",13602,0,13.50,0.00,0,5,0,1036.62,1392.97,0,0,16,16,16,16,31,31,63,63,63,63
"None","Aggregated","1594514388",13623,0,13.40,0.00,0,5,0,1036.62,1392.98,0,0,6,16,16,16,31,31,63,63,63,63
"None","Aggregated","1594514390",13647,0,13.50,0.00,0,5,0,1036.62,1392.97,0,0,0,16,16,16,31,31,78,78,78,78
"None","Aggregated","1594514392",13684,0,12.70,0.00,0,5,0,1036.62,1392.97,0,0,0,16,16,16,31,31,78,78,78,78
"None","Aggregated","1594514394",13706,0,13.90,0.00,0,5,0,1036.62,1392.97,0,0,0,0,16,16,16,16,78,78,78,78
"None","Aggregated","1594514396",13729,0,13.50,0.00,0,5,0,1036.62,1392.97,0,0,0,16,16,16,16,16,78,78,78,78
"None","Aggregated","1594514398",13765,0,12.80,0.00,0,5,0,1036.62,1392.98,0,0,0,16,16,16,16,16,16,16,16,16
"None","Aggregated","1594514400",13787,0,13.60,0.00,0,5,0,1036.62,1392.98,0,0,0,16,16,16,16,16,16,16,16,16
"None","Aggregated","1594514403",13816,0,13.40,0.00,0,5,0,1036.62,1392.98,0,0,13,16,16,16,16,16,16,16,16,16
"None","Aggregated","1594514405",13848,0,13.40,0.00,0,5,0,1036.62,1392.98,0,0,16,16,16,16,31,31,94,94,94,94
"None","Aggregated","1594514407",13869,0,13.70,0.00,0,5,0,1036.62,1392.98,0,1,16,16,16,16,31,31,94,94,94,94
"None","Aggregated","1594514409",13898,0,13.80,0.00,0,5,0,1036.62,1392.99,0,16,16,16,16,16,31,94,110,110,110,110
"None","Aggregated","1594514411",13928,0,12.80,0.00,0,5,0,1036.62,1392.99,0,16,16,16,16,31,31,94,110,110,110,110
"None","Aggregated","1594514413",13953,0,13.70,0.00,0,5,0,1036.62,1392.99,0,16,16,16,16,31,31,31,110,110,110,110
"None","Aggregated","1594514415",13979,0,13.30,0.00,0,5,0,1036.62,1392.99,0,0,16,16,16,31,31,31,110,110,110,110
"None","Aggregated","1594514417",14013,0,12.90,0.00,0,5,0,1036.62,1392.99,0,0,16,16,16,31,31,31,31,31,31,31
"None","Aggregated","1594514419",14035,0,13.40,0.00,0,5,0,1036.62,1392.99,0,0,0,16,16,16,16,16,31,31,31,31
"None","Aggregated","1594514421",14064,0,13.40,0.00,0,5,0,1036.62,1393.00,0,0,16,16,16,16,16,16,31,31,31,31
"None","Aggregated","1594514423",14088,0,13.50,0.00,0,5,0,1036.62,1392.99,0,0,0,16,16,16,16,16,16,16,16,16
"None","Aggregated","1594514425",14122,0,13.50,0.00,0,5,0,1036.62,1392.99,0,0,16,16,16,16,16,16,16,16,16,16
"None","Aggregated","1594514427",14153,0,13.10,0.00,0,5,0,1036.62,1392.98,0,0,16,16,16,16,16,16,78,78,78,78
"None","Aggregated","1594514429",14174,0,14.50,0.00,0,5,0,1036.62,1392.99,0,0,16,16,16,16,16,16,78,78,78,78
"None","Aggregated","1594514432",14205,0,13.50,0.00,0,5,0,1036.62,1392.99,0,0,16,16,16,16,16,16,78,78,78,78
"None","Aggregated","1594514434",14229,0,12.60,0.00,0,5,0,1036.62,1392.98,0,0,16,16,16,16,16,16,78,78,78,78
"None","Aggregated","1594514436",14258,0,13.50,0.00,0,5,0,1036.62,1392.97,0,0,0,16,16,16,16,16,16,16,16,16
"None","Aggregated","1594514438",14284,0,13.20,0.00,0,5,0,1036.62,1392.97,0,0,10,16,16,16,16,16,31,31,31,31
"None","Aggregated","1594514440",14320,0,12.80,0.00,0,5,0,1036.62,1392.96,0,0,16,16,16,16,16,16,31,31,31,31
"None","Aggregated","1594514442",14341,0,14.40,0.00,0,5,0,1036.62,1392.96,0,0,0,16,16,16,16,16,31,31,31,31
"None","Aggregated","1594514444",14367,0,13.30,0.00,0,5,0,1036.62,1392.95,0,0,10,16,16,16,16,16,31,31,31,31
"None","Aggregated","1594514446",14394,0,13.00,0.00,0,5,0,1036.62,1392.95,0,0,0,16,16,16,16,16,31,31,31,31
"None","Aggregated","1594514448",14429,0,13.10,0.00,0,5,0,1036.62,1392.95,0,0,15,16,16,16,16,16,31,31,31,31
"None","Aggregated","1594514450",14449,0,14.10,0.00,0,5,0,1036.62,1392.95,0,0,16,16,16,16,31,31,78,78,78,78
"None","Aggregated","1594514452",14476,0,12.60,0.00,0,5,0,1036.62,1392.96,0,1,16,16,16,16,31,78,78,78,78,78
"None","Aggregated","1594514454",14508,0,13.10,0.00,0,5,0,1036.62,1392.96,0,16,16,16,16,16,31,78,78,78,78,78
"None","Aggregated","1594514456",14541,0,13.40,0.00,0,5,0,1036.62,1392.96,0,16,16,16,16,16,31,78,78,78,78,78
"None","Aggregated","1594514458",14561,0,13.90,0.00,0,5,0,1036.62,1392.95,0,13,16,16,16,16,31,78,100,100,100,100
"None","Aggregated","1594514461",14584,0,13.10,0.00,0,5,0,1036.62,1392.94,0,0,16,16,16,16,31,63,100,100,100,100
"None","Aggregated","1594514463",14616,0,12.90,0.00,0,5,0,1036.62,1392.96,0,0,16,16,16,16,63,78,100,100,100,100
"None","Aggregated","1594514465",14648,0,13.60,0.00,0,5,0,1036.62,1392.95,0,0,0,13,16,16,63,78,100,100,100,100
"None","Aggregated","1594514467",14674,0,13.60,0.00,0,5,0,1036.62,1392.95,0,0,2,16,16,16,63,78,78,78,78,78
"None","Aggregated","1594514469",14691,0,13.70,0.00,0,5,0,1036.62,1392.95,0,0,0,12,16,16,31,78,78,78,78,78
"None","Aggregated","1594514471",14722,0,12.80,0.00,0,5,0,1036.62,1392.95,0,0,16,16,16,16,31,65,78,78,78,78
"None","Aggregated","1594514473",14758,0,13.40,0.00,0,5,0,1036.62,1392.95,0,0,16,16,16,16,78,78,78,78,78,78
"None","Aggregated","1594514475",14778,0,14.10,0.00,0,5,0,1036.62,1392.95,0,0,16,16,16,16,65,78,78,78,78,78
"None","Aggregated","1594514477",14804,0,12.90,0.00,0,5,0,1036.62,1392.94,0,0,0,16,16,16,65,78,78,78,78,78
"None","Aggregated","1594514479",14834,0,12.50,0.00,0,5,0,1036.62,1392.94,0,0,0,16,16,16,17,78,78,78,78,78
"None","Aggregated","1594514481",14867,0,13.10,0.00,0,5,0,1036.62,1392.94,0,0,0,16,16,17,78,78,78,78,78,78
"None","Aggregated","1594514483",14889,0,14.30,0.00,0,5,0,1036.62,1392.94,0,0,0,0,16,17,78,78,78,78,78,78
"None","Aggregated","1594514485",14916,0,12.30,0.00,0,5,0,1036.62,1392.94,0,0,0,0,16,17,78,78,78,78,78,78
"None","Aggregated","1594514487",14948,0,13.50,0.00,0,5,0,1036.62,1392.94,0,0,0,0,16,17,78,78,78,78,78,78
"None","Aggregated","1594514489",14976,0,13.60,0.00,0,5,0,1036.62,1392.95,0,0,0,0,16,16,16,16,16,16,16,16
"None","Aggregated","1594514492",15003,0,14.20,0.00,0,5,0,1036.62,1392.94,0,0,0,0,16,16,16,16,16,16,16,16
"None","Aggregated","1594514494",15032,0,12.90,0.00,0,5,0,1036.62,1392.95,0,0,0,9,16,16,31,94,94,94,94,94
"None","Aggregated","1594514496",15056,0,13.70,0.00,0,5,0,1036.62,1392.96,0,0,0,16,16,16,31,94,94,94,94,94
"None","Aggregated","1594514498",15079,0,13.10,0.00,0,5,0,1036.62,1392.95,0,0,1,16,16,16,78,94,94,94,94,94
"None","Aggregated","1594514500",15106,0,13.00,0.00,0,5,0,1036.62,1392.96,0,0,16,16,16,16,78,94,94,94,94,94
"None","Aggregated","1594514502",15137,0,12.80,0.00,0,5,0,1036.62,1392.96,0,0,16,16,16,16,31,78,78,78,78,78
"None","Aggregated","1594514504",15168,0,13.00,0.00,0,5,0,1036.62,1392.96,0,1,16,16,16,16,31,78,78,78,78,78
"None","Aggregated","1594514506",15183,0,12.70,0.00,0,5,0,1036.62,1392.96,0,0,16,16,16,16,16,16,78,78,78,78
"None","Aggregated","1594514508",15216,0,12.50,0.00,0,5,0,1036.62,1392.97,0,10,16,16,16,16,16,16,78,78,78,78
"None","Aggregated","1594514510",15245,0,12.60,0.00,0,5,0,1036.62,1392.97,0,10,16,16,16,16,16,16,16,16,16,16
"None","Aggregated","1594514512",15266,0,13.40,0.00,0,5,0,1036.62,1392.97,0,0,16,16,16,16,16,16,16,16,16,16
"None","Aggregated","1594514514",15296,0,13.00,0.00,0,5,0,1036.62,1392.96,0,16,16,16,16,16,16,16,16,16,16,16
"None","Aggregated","1594514516",15327,0,12.20,0.00,0,5,0,1036.62,1392.96,0,16,16,16,16,16,31,31,31,31,31,31
"None","Aggregated","1594514518",15357,0,13.60,0.00,0,5,0,1036.62,1392.95,0,1,16,16,16,26,31,31,31,31,31,31
"None","Aggregated","1594514521",15378,0,14.10,0.00,0,5,0,1036.62,1392.95,0,13,16,16,16,26,31,31,31,31,31,31
"None","Aggregated","1594514523",15411,0,13.10,0.00,0,5,0,1036.62,1392.95,0,16,16,16,16,26,31,31,31,31,31,31
"None","Aggregated","1594514525",15431,0,14.00,0.00,0,5,0,1036.62,1392.95,0,1,16,16,16,23,26,26,78,78,78,78
"None","Aggregated","1594514527",15462,0,12.90,0.00,0,5,0,1036.62,1392.94,0,1,16,16,16,31,31,78,78,78,78,78
"None","Aggregated","1594514529",15485,0,12.80,0.00,0,5,0,1036.62,1392.94,0,1,16,16,16,31,31,78,78,78,78,78
"None","Aggregated","1594514531",15521,0,12.20,0.00,0,5,0,1036.62,1392.94,0,16,16,16,16,16,31,78,78,78,78,78
"None","Aggregated","1594514533",15548,0,13.90,0.00,0,5,0,1036.62,1392.94,0,16,16,16,16,16,31,78,78,78,78,78
"None","Aggregated","1594514535",15569,0,12.90,0.00,0,5,0,1036.62,1392.94,0,16,16,16,16,16,16,16,78,78,78,78
"None","Aggregated","1594514537",15594,0,13.20,0.00,0,5,0,1036.62,1392.95,0,16,16,16,16,16,16,16,78,78,78,78
"None","Aggregated","1594514539",15624,0,12.80,0.00,0,5,0,1036.62,1392.94,0,16,16,16,16,16,16,16,78,78,78,78
"None","Aggregated","1594514541",15652,0,13.40,0.00,0,5,0,1036.62,1392.94,0,1,16,16,16,16,16,16,31,31,31,31
"None","Aggregated","1594514543",15679,0,12.60,0.00,0,5,0,1036.62,1392.93,0,16,16,16,16,16,16,31,78,78,78,78
"None","Aggregated","1594514545",15710,0,13.20,0.00,0,5,0,1036.62,1392.93,0,0,16,16,16,16,16,31,78,78,78,78
"None","Aggregated","1594514547",15732,0,13.30,0.00,0,5,0,1036.62,1392.93,0,0,16,16,16,16,16,31,78,78,78,78
"None","Aggregated","1594514550",15759,0,13.50,0.00,0,5,0,1036.62,1392.93,0,0,16,16,16,16,94,94,94,94,94,94
"None","Aggregated","1594514552",15790,0,13.20,0.00,0,5,0,1036.62,1392.92,0,0,16,16,16,31,94,94,94,94,94,94
"None","Aggregated","1594514554",15819,0,13.40,0.00,0,5,0,1036.62,1392.91,0,0,16,16,16,16,94,94,94,94,94,94
"None","Aggregated","1594514556",15843,0,13.50,0.00,0,5,0,1036.62,1392.92,0,0,16,16,16,31,94,94,94,94,94,94
"None","Aggregated","1594514558",15876,0,13.10,0.00,0,5,0,1036.62,1392.92,0,0,16,16,16,16,31,31,31,31,31,31
"None","Aggregated","1594514560",15907,0,13.40,0.00,0,5,0,1036.62,1392.91,0,0,16,16,16,16,16,16,16,16,16,16
"None","Aggregated","1594514562",15928,0,14.50,0.00,0,5,0,1036.62,1392.91,0,0,0,16,16,16,16,16,16,16,16,16
"None","Aggregated","1594514564",15956,0,13.50,0.00,0,5,0,1036.62,1392.93,0,0,0,16,16,16,16,16,16,16,16,16
"None","Aggregated","1594514566",15994,0,13.50,0.00,0,5,0,1036.62,1392.93,0,0,16,16,16,16,16,16,31,31,31,31
"None","Aggregated","1594514568",16016,0,14.30,0.00,0,5,0,1036.62,1392.93,0,0,16,16,16,16,16,16,31,31,31,31
"None","Aggregated","1594514570",16042,0,13.70,0.00,0,5,0,1036.62,1392.93,0,0,16,16,16,16,16,31,78,78,78,78
"None","Aggregated","1594514572",16069,0,13.20,0.00,0,5,0,1036.62,1392.93,0,0,16,16,16,16,31,31,78,78,78,78
"None","Aggregated","1594514574",16099,0,13.50,0.00,0,5,0,1036.62,1392.93,0,0,16,16,16,16,31,31,78,78,78,78
"None","Aggregated","1594514576",16126,0,13.90,0.00,0,5,0,1036.62,1392.93,0,0,16,16,16,16,17,31,78,78,78,78
"None","Aggregated","1594514579",16154,0,12.90,0.00,0,5,0,1036.62,1392.93,0,0,16,16,16,16,17,17,31,31,31,31
"None","Aggregated","1594514581",16180,0,13.00,0.00,0,5,0,1036.62,1392.93,0,0,16,16,16,16,17,17,31,31,31,31
"None","Aggregated","1594514583",16210,0,13.50,0.00,0,5,0,1036.62,1392.94,0,0,16,16,16,17,31,31,78,78,78,78
"None","Aggregated","1594514585",16231,0,13.40,0.00,0,5,0,1036.62,1392.95,0,0,16,16,16,17,31,31,78,78,78,78
"None","Aggregated","1594514587",16257,0,12.60,0.00,0,5,0,1036.62,1392.95,0,0,16,16,16,16,31,78,110,110,110,110
"None","Aggregated","1594514589",16290,0,12.70,0.00,0,5,0,1036.62,1392.94,0,0,16,16,16,16,31,78,110,110,110,110
"None","Aggregated","1594514591",16313,0,13.30,0.00,0,5,0,1036.62,1392.95,0,0,16,16,16,16,31,94,110,110,110,110
"None","Aggregated","1594514593",16342,0,12.80,0.00,0,5,0,1036.62,1392.94,0,0,16,16,16,16,31,94,110,110,110,110
"None","Aggregated","1594514595",16370,0,12.40,0.00,0,5,0,1036.62,1392.93,0,0,1,16,16,16,17,31,94,94,94,94
"None","Aggregated","1594514597",16402,0,13.20,0.00,0,5,0,1036.62,1392.93,0,0,1,16,16,16,78,78,94,94,94,94
"None","Aggregated","1594514599",16430,0,13.60,0.00,0,5,0,1036.62,1392.93,0,0,0,16,16,16,78,78,78,78,78,78
"None","Aggregated","1594514601",16451,0,13.00,0.00,0,5,0,1036.62,1392.93,0,0,7,16,16,16,78,78,78,78,78,78
"None","Aggregated","1594514603",16475,0,13.40,0.00,0,5,0,1036.62,1392.93,0,0,0,16,16,16,78,78,78,78,78,78
"None","Aggregated","1594514606",16509,0,13.10,0.00,0,5,0,1036.62,1392.93,0,0,1,16,16,16,78,78,78,78,78,78
"None","Aggregated","1594514608",16531,0,13.70,0.00,0,5,0,1036.62,1392.94,0,0,1,16,16,16,78,78,78,78,78,78
"None","Aggregated","1594514610",16557,0,12.60,0.00,0,5,0,1036.62,1392.94,0,0,2,16,16,16,16,78,78,78,78,78
"None","Aggregated","1594514612",16586,0,12.10,0.00,0,5,0,1036.62,1392.94,0,0,16,16,16,16,78,78,79,79,79,79
"None","Aggregated","1594514614",16619,0,13.30,0.00,0,5,0,1036.62,1392.94,0,2,16,16,16,16,31,78,79,79,79,79
"None","Aggregated","1594514616",16634,0,13.50,0.00,0,5,0,1036.62,1392.94,0,1,16,16,16,16,31,78,79,79,79,79
"None","Aggregated","1594514618",16667,0,12.00,0.00,0,5,0,1036.62,1392.94,0,16,16,16,16,16,31,78,79,79,79,79
"None","Aggregated","1594514620",16703,0,12.90,0.00,0,5,0,1036.62,1392.92,0,16,16,16,16,16,16,17,78,78,78,78
"None","Aggregated","1594514622",16724,0,14.10,0.00,0,5,0,1036.62,1392.92,0,0,16,16,16,16,16,16,17,17,17,17
"None","Aggregated","1594514624",16748,0,13.20,0.00,0,5,0,1036.62,1392.92,0,0,16,16,16,16,16,16,17,17,17,17
"None","Aggregated","1594514626",16782,0,12.50,0.00,0,5,0,1036.62,1392.93,0,0,16,16,16,16,16,17,62,62,62,62
"None","Aggregated","1594514628",16809,0,13.60,0.00,0,5,0,1036.62,1392.93,0,0,16,16,16,16,17,62,78,78,78,78
"None","Aggregated","1594514630",16838,0,14.20,0.00,0,5,0,1036.62,1392.93,0,0,16,16,16,16,62,78,78,78,78,78
"None","Aggregated","1594514632",16862,0,13.00,0.00,0,5,0,1036.62,1392.94,0,0,16,16,16,16,62,78,78,78,78,78
"None","Aggregated","1594514634",16891,0,13.20,0.00,0,5,0,1036.62,1392.94,0,0,16,16,16,16,16,78,78,78,78,78
"None","Aggregated","1594514637",16921,0,14.10,0.00,0,5,0,1036.62,1392.95,0,1,16,16,16,16,16,16,78,78,78,78
"None","Aggregated","1594514639",16941,0,14.00,0.00,0,5,0,1036.62,1392.95,0,1,16,16,16,16,16,16,31,31,31,31
"None","Aggregated","1594514641",16975,0,12.70,0.00,0,5,0,1036.62,1392.94,0,0,16,16,16,16,16,16,31,31,31,31
"None","Aggregated","1594514643",17004,0,13.30,0.00,0,5,0,1036.62,1392.95,0,16,16,16,16,16,16,31,78,78,78,78
"None","Aggregated","1594514645",17025,0,13.70,0.00,0,5,0,1036.62,1392.95,0,1,16,16,16,16,31,78,78,78,78,78
"None","Aggregated","1594514647",17053,0,12.90,0.00,0,5,0,1036.62,1392.96,0,16,16,16,16,16,31,78,78,78,78,78
"None","Aggregated","1594514649",17083,0,12.90,0.00,0,5,0,1036.62,1392.97,0,0,16,16,16,16,16,78,78,78,78,78
"None","Aggregated","1594514651",17108,0,13.80,0.00,0,5,0,1036.62,1392.98,0,0,16,16,16,16,16,16,78,78,78,78
"None","Aggregated","1594514653",17127,0,13.20,0.00,0,5,0,1036.62,1392.98,0,0,16,16,16,16,16,16,16,16,16,16
"None","Aggregated","1594514655",17163,0,12.30,0.00,0,5,0,1036.62,1392.98,0,0,16,16,16,16,16,16,16,16,16,16
"None","Aggregated","1594514657",17193,0,12.50,0.00,0,5,0,1036.62,1392.98,0,0,16,16,16,16,16,16,16,16,16,16
"None","Aggregated","1594514659",17217,0,13.20,0.00,0,5,0,1036.62,1392.98,0,0,16,16,16,16,16,16,16,16,16,16
"None","Aggregated","1594514661",17242,0,13.10,0.00,0,5,0,1036.62,1392.99,0,0,16,16,16,16,16,78,78,78,78,78
"None","Aggregated","1594514663",17272,0,13.00,0.00,0,5,0,1036.62,1392.97,0,16,16,16,16,16,47,78,78,78,78,78
"None","Aggregated","1594514665",17303,0,13.50,0.00,0,5,0,1036.62,1392.97,0,0,16,16,16,16,47,78,78,78,78,78
"None","Aggregated","1594514668",17331,0,14.30,0.00,0,5,0,1036.62,1392.98,0,0,16,16,16,16,47,78,78,78,78,78
"None","Aggregated","1594514670",17353,0,13.30,0.00,0,5,0,1036.62,1392.97,0,0,16,16,16,16,16,31,47,47,47,47
"None","Aggregated","1594514672",17382,0,13.00,0.00,0,5,0,1036.62,1392.97,0,0,16,16,16,16,31,47,78,78,78,78
"None","Aggregated","1594514674",17415,0,13.40,0.00,0,5,0,1036.62,1392.96,0,1,16,16,16,16,16,16,78,78,78,78
"None","Aggregated","1594514676",17434,0,13.80,0.00,0,5,0,1036.62,1392.96,0,16,16,16,16,16,16,16,78,78,78,78
"None","Aggregated","1594514678",17459,0,13.00,0.00,0,5,0,1036.62,1392.96,0,16,16,16,16,16,16,16,78,78,78,78
"None","Aggregated","1594514680",17497,0,12.20,0.00,0,5,0,1036.62,1392.96,0,16,16,16,16,16,16,16,16,16,16,16
"None","Aggregated","1594514682",17521,0,13.50,0.00,0,5,0,1036.62,1392.96,0,16,16,16,16,16,16,16,16,16,16,16
"None","Aggregated","1594514684",17544,0,13.80,0.00,0,5,0,1036.62,1392.96,0,1,16,16,16,16,16,16,16,16,16,16
"None","Aggregated","1594514686",17574,0,12.40,0.00,0,5,0,1036.62,1392.95,0,1,16,16,16,16,16,78,78,78,78,78
"None","Aggregated","1594514688",17609,0,12.90,0.00,0,5,0,1036.62,1392.95,0,1,16,16,16,16,31,78,78,78,78,78
"None","Aggregated","1594514690",17627,0,15.00,0.00,0,5,0,1036.62,1392.94,0,0,16,16,16,16,31,78,78,78,78,78
"None","Aggregated","1594514692",17656,0,13.50,0.00,0,5,0,1036.62,1392.93,0,1,16,16,16,16,31,78,78,78,78,78
"None","Aggregated","1594514695",17685,0,12.50,0.00,0,5,0,1036.62,1392.94,0,16,16,16,16,16,24,31,31,31,31,31
"None","Aggregated","1594514697",17716,0,14.00,0.00,0,5,0,1036.62,1392.95,0,1,16,16,16,16,16,16,31,31,31,31
"None","Aggregated","1594514699",17738,0,14.10,0.00,0,5,0,1036.62,1392.95,0,16,16,16,16,16,16,16,31,31,31,31
"None","Aggregated","1594514701",17767,0,12.60,0.00,0,5,0,1036.62,1392.95,0,16,16,16,16,16,16,16,16,16,16,16
"None","Aggregated","1594514703",17795,0,13.10,0.00,0,5,0,1036.62,1392.95,0,0,16,16,16,16,16,16,16,16,16,16
"None","Aggregated","1594514705",17825,0,13.60,0.00,0,5,0,1036.62,1392.95,0,0,16,16,16,16,16,16,78,78,78,78
"None","Aggregated","1594514707",17855,0,13.30,0.00,0,5,0,1036.62,1392.94,0,0,16,16,16,16,16,16,78,78,78,78
"None","Aggregated","1594514709",17879,0,13.70,0.00,0,5,0,1036.62,1392.94,0,16,16,16,16,16,16,16,78,78,78,78
"None","Aggregated","1594514711",17906,0,13.90,0.00,0,5,0,1036.62,1392.94,0,16,16,16,16,16,16,30,78,78,78,78
"None","Aggregated","1594514713",17936,0,13.10,0.00,0,5,0,1036.62,1392.95,0,16,16,16,16,16,16,16,30,30,30,30
"None","Aggregated","1594514715",17964,0,13.20,0.00,0,5,0,1036.62,1392.95,0,16,16,16,16,16,16,16,30,30,30,30
"None","Aggregated","1594514717",17988,0,13.40,0.00,0,5,0,1036.62,1392.95,0,0,16,16,16,16,16,16,30,30,30,30
"None","Aggregated","1594514719",18016,0,12.90,0.00,0,5,0,1036.62,1392.95,0,0,16,16,16,16,16,16,30,30,30,30
"None","Aggregated","1594514721",18051,0,12.60,0.00,0,5,0,1036.62,1392.95,0,0,1,16,16,16,16,16,78,78,78,78
"None","Aggregated","1594514724",18074,0,14.50,0.00,0,5,0,1036.62,1392.95,0,0,0,0,16,16,16,16,78,78,78,78
"None","Aggregated","1594514726",18098,0,13.40,0.00,0,5,0,1036.62,1392.95,0,0,0,0,16,16,16,16,78,78,78,78
"None","Aggregated","1594514728",18128,0,13.00,0.00,0,5,0,1036.62,1392.96,0,0,0,16,16,16,16,78,78,78,78,78
"None","Aggregated","1594514730",18156,0,12.90,0.00,0,5,0,1036.62,1392.95,0,0,9,16,16,16,16,16,78,78,78,78
"None","Aggregated","1594514732",18182,0,13.80,0.00,0,5,0,1036.62,1392.95,0,0,9,16,16,16,16,78,78,78,78,78
"None","Aggregated","1594514734",18209,0,13.00,0.00,0,5,0,1036.62,1392.95,0,0,16,16,16,16,31,78,78,78,78,78
"None","Aggregated","1594514736",18239,0,13.30,0.00,0,5,0,1036.62,1392.95,0,0,16,16,16,16,31,31,78,78,78,78
"None","Aggregated","1594514738",18266,0,13.50,0.00,0,5,0,1036.62,1392.95,0,0,1,16,16,17,31,31,78,78,78,78
"None","Aggregated","1594514740",18292,0,13.30,0.00,0,5,0,1036.62,1392.96,0,0,16,16,16,17,31,31,31,31,31,31
"None","Aggregated","1594514742",18327,0,12.80,0.00,0,5,0,1036.62,1392.96,0,0,16,16,16,16,18,31,31,31,31,31
"None","Aggregated","1594514744",18348,0,13.70,0.00,0,5,0,1036.62,1392.96,0,0,0,16,16,16,18,31,31,31,31,31
"None","Aggregated","1594514746",18373,0,13.50,0.00,0,5,0,1036.62,1392.95,0,0,0,1,16,16,16,31,31,31,31,31
"None","Aggregated","1594514748",18406,0,13.30,0.00,0,5,0,1036.62,1392.95,0,0,0,16,16,16,16,31,31,31,31,31
"None","Aggregated","1594514750",18428,0,13.40,0.00,0,5,0,1036.62,1392.96,0,0,0,16,16,16,16,31,78,78,78,78
"None","Aggregated","1594514752",18458,0,13.10,0.00,0,5,0,1036.62,1392.95,0,0,0,16,16,16,16,31,78,78,78,78
"None","Aggregated","1594514755",18486,0,12.80,0.00,0,5,0,1036.62,1392.96,0,0,16,16,16,16,16,31,78,78,78,78
"None","Aggregated","1594514757",18518,0,13.00,0.00,0,5,0,1036.62,1392.97,0,0,7,16,16,16,16,16,78,78,78,78
"None","Aggregated","1594514759",18541,0,14.30,0.00,0,5,0,1036.62,1392.97,0,0,0,0,16,16,16,16,16,16,16,16
"None","Aggregated","1594514761",18566,0,13.00,0.00,0,5,0,1036.62,1392.96,0,0,0,16,16,16,16,31,80,80,80,80
"None","Aggregated","1594514763",18592,0,13.70,0.00,0,5,0,1036.62,1392.96,0,0,1,16,16,16,16,31,80,80,80,80
"None","Aggregated","1594514765",18619,0,13.20,0.00,0,5,0,1036.62,1392.95,0,0,2,16,16,16,16,31,80,80,80,80
"None","Aggregated","1594514767",18648,0,12.80,0.00,0,5,0,1036.62,1392.95,0,0,16,16,16,16,16,31,80,80,80,80
"None","Aggregated","1594514769",18676,0,12.50,0.00,0,5,0,1036.62,1392.94,0,0,16,16,16,16,16,16,16,16,16,16
"None","Aggregated","1594514771",18708,0,13.10,0.00,0,5,0,1036.62,1392.96,0,0,16,16,16,16,16,16,16,16,16,16
"None","Aggregated","1594514773",18735,0,13.60,0.00,0,5,0,1036.62,1392.95,0,0,16,16,16,16,16,16,16,16,16,16
"None","Aggregated","1594514775",18761,0,14.00,0.00,0,5,0,1036.62,1392.96,0,0,16,16,16,16,31,94,94,94,94,94
"None","Aggregated","1594514777",18791,0,13.90,0.00,0,5,0,1036.62,1392.96,0,0,16,16,16,16,31,94,94,94,94,94
"None","Aggregated","1594514779",18827,0,13.70,0.00,0,5,0,1036.62,1392.96,0,0,16,16,16,16,31,94,94,94,94,94
"None","Aggregated","1594514781",18850,0,14.00,0.00,0,5,0,1036.62,1392.96,0,0,1,16,16,16,31,94,94,94,94,94
"None","Aggregated","1594514784",18872,0,13.90,0.00,0,5,0,1036.62,1392.96,0,0,0,16,16,16,16,16,16,16,16,16
"None","Aggregated","1594514786",18907,0,13.60,0.00,0,5,0,1036.62,1392.95,0,0,0,1,16,16,16,16,16,16,16,16
"None","Aggregated","1594514788",18930,0,13.80,0.00,0,5,0,1036.62,1392.95,0,0,0,0,16,16,16,16,78,78,78,78
"None","Aggregated","1594514790",18961,0,13.40,0.00,0,5,0,1036.62,1392.94,0,0,1,16,16,16,16,16,78,78,78,78
"None","Aggregated","1594514792",18993,0,12.80,0.00,0,5,0,1036.62,1392.93,0,0,10,16,16,16,16,31,78,78,78,78
"None","Aggregated","1594514794",19017,0,13.90,0.00,0,5,0,1036.62,1392.93,0,0,16,16,16,16,16,31,78,78,78,78
"None","Aggregated","1594514796",19045,0,14.10,0.00,0,5,0,1036.62,1392.93,0,0,16,16,16,16,16,16,31,31,31,31
"None","Aggregated","1594514798",19066,0,13.10,0.00,0,5,0,1036.62,1392.93,0,0,10,16,16,16,16,16,31,31,31,31
"None","Aggregated","1594514800",19106,0,13.30,0.00,0,5,0,1036.62,1392.93,0,0,16,16,16,16,16,31,63,63,63,63
"None","Aggregated","1594514802",19132,0,14.10,0.00,0,5,0,1036.62,1392.93,0,0,1,16,16,16,16,16,63,63,63,63
"None","Aggregated","1594514804",19153,0,13.70,0.00,0,5,0,1036.62,1392.92,0,0,16,16,16,16,16,16,63,63,63,63
"None","Aggregated","1594514806",19181,0,13.10,0.00,0,5,0,1036.62,1392.92,0,0,16,16,16,16,17,17,63,63,63,63
"None","Aggregated","1594514808",19217,0,12.80,0.00,0,5,0,1036.62,1392.92,0,0,16,16,16,16,16,17,17,17,17,17
"None","Aggregated","1594514810",19237,0,13.90,0.00,0,5,0,1036.62,1392.92,0,0,16,16,16,16,16,17,17,17,17,17
"None","Aggregated","1594514812",19262,0,12.80,0.00,0,5,0,1036.62,1392.93,0,0,16,16,16,16,16,17,17,17,17,17
"None","Aggregated","1594514815",19291,0,12.40,0.00,0,5,0,1036.62,1392.92,0,0,0,16,16,16,16,17,17,17,17,17
"None","Aggregated","1594514817",19325,0,13.60,0.00,0,5,0,1036.62,1392.93,0,0,0,16,16,16,16,16,16,16,16,16
"None","Aggregated","1594514819",19346,0,13.60,0.00,0,5,0,1036.62,1392.93,0,0,0,16,16,16,16,16,16,16,16,16
"None","Aggregated","1594514821",19372,0,12.70,0.00,0,5,0,1036.62,1392.93,0,0,0,16,16,16,16,16,16,16,16,16
"None","Aggregated","1594514823",19403,0,13.30,0.00,0,5,0,1036.62,1392.92,0,0,0,16,16,16,16,16,31,31,31,31
"None","Aggregated","1594514825",19425,0,13.50,0.00,0,5,0,1036.62,1392.93,0,0,2,16,16,16,16,31,78,78,78,78
"None","Aggregated","1594514827",19453,0,13.20,0.00,0,5,0,1036.62,1392.93,0,0,16,16,16,16,31,78,78,78,78,78
"None","Aggregated","1594514829",19491,0,12.30,0.00,0,5,0,1036.62,1392.93,0,3,16,16,16,16,31,78,78,78,78,78
"None","Aggregated","1594514831",19510,0,13.70,0.00,0,5,0,1036.62,1392.93,0,16,16,16,16,16,78,78,78,78,78,78
"None","Aggregated","1594514833",19535,0,13.70,0.00,0,5,0,1036.62,1392.92,0,1,16,16,16,16,78,78,78,78,78,78
"None","Aggregated","1594514835",19568,0,12.70,0.00,0,5,0,1036.62,1392.93,0,0,16,16,16,16,31,78,78,78,78,78
"None","Aggregated","1594514837",19599,0,13.70,0.00,0,5,0,1036.62,1392.93,0,0,1,16,16,16,31,78,78,78,78,78
"None","Aggregated","1594514839",19623,0,14.30,0.00,0,5,0,1036.62,1392.94,0,0,0,1,16,16,16,78,78,78,78,78
"None","Aggregated","1594514841",19645,0,13.10,0.00,0,5,0,1036.62,1392.93,0,0,0,1,16,16,16,16,78,78,78,78
"None","Aggregated","1594514844",19682,0,12.60,0.00,0,5,0,1036.62,1392.93,0,0,0,0,16,16,16,16,78,78,78,78
"None","Aggregated","1594514846",19711,0,14.00,0.00,0,5,0,1036.62,1392.93,0,0,0,0,16,16,16,16,78,78,78,78
"None","Aggregated","1594514848",19736,0,13.70,0.00,0,5,0,1036.62,1392.93,0,0,0,1,16,16,16,16,31,31,31,31
"None","Aggregated","1594514850",19754,0,13.00,0.00,0,5,0,1036.62,1392.93,0,0,0,0,16,16,16,31,78,78,78,78
"None","Aggregated","1594514852",19793,0,13.10,0.00,0,5,0,1036.62,1392.93,0,0,16,16,16,16,31,31,78,78,78,78
"None","Aggregated","1594514854",19813,0,14.00,0.00,0,5,0,1036.62,1392.92,0,0,16,16,16,16,31,31,78,78,78,78
"None","Aggregated","1594514856",19844,0,12.90,0.00,0,5,0,1036.62,1392.93,0,0,16,16,16,16,31,78,78,78,78,78
"None","Aggregated","1594514858",19870,0,12.90,0.00,0,5,0,1036.62,1392.92,0,0,16,16,16,16,31,78,78,78,78,78
"None","Aggregated","1594514860",19896,0,13.20,0.00,0,5,0,1036.62,1392.92,0,0,16,16,16,16,78,78,78,78,78,78
"None","Aggregated","1594514862",19928,0,13.60,0.00,0,5,0,1036.62,1392.93,0,0,16,16,16,17,78,78,78,78,78,78
"None","Aggregated","1594514864",19955,0,13.50,0.00,0,5,0,1036.62,1392.93,0,0,16,16,16,16,78,78,78,78,78,78
"None","Aggregated","1594514866",19974,0,13.80,0.00,0,5,0,1036.62,1392.94,0,0,16,16,16,16,31,78,78,78,78,78
"None","Aggregated","1594514868",19999,0,12.70,0.00,0,5,0,1036.62,1392.94,0,16,16,16,16,16,78,94,94,94,94,94
"None","Aggregated","1594514870",20034,0,12.10,0.00,0,5,0,1036.62,1392.94,0,16,16,16,16,16,31,94,94,94,94,94
"None","Aggregated","1594514873",20058,0,13.40,0.00,0,5,0,1036.62,1392.94,0,0,16,16,16,16,16,94,94,94,94,94
"None","Aggregated","1594514875",20089,0,12.40,0.00,0,5,0,1036.62,1392.94,0,16,16,16,16,16,94,94,94,94,94,94
"None","Aggregated","1594514877",20114,0,12.50,0.00,0,5,0,1036.62,1392.95,0,0,16,16,16,16,16,94,94,94,94,94
"None","Aggregated","1594514879",20145,0,13.30,0.00,0,5,0,1036.62,1392.94,0,0,16,16,16,16,16,94,94,94,94,94
"None","Aggregated","1594514881",20171,0,13.90,0.00,0,5,0,1036.62,1392.94,0,16,16,16,16,16,16,94,94,94,94,94
"None","Aggregated","1594514883",20196,0,13.00,0.00,0,5,0,1036.62,1392.94,0,0,16,16,16,16,16,16,31,31,31,31
"None","Aggregated","1594514885",20225,0,13.40,0.00,0,5,0,1036.62,1392.94,0,16,16,16,16,16,16,16,31,31,31,31
"None","Aggregated","1594514887",20256,0,13.20,0.00,0,5,0,1036.62,1392.94,0,16,16,16,16,16,16,16,31,31,31,31
"None","Aggregated","1594514889",20281,0,13.40,0.00,0,5,0,1036.62,1392.94,0,16,16,16,16,16,16,31,78,78,78,78
"None","Aggregated","1594514891",20311,0,13.10,0.00,0,5,0,1036.62,1392.95,0,16,16,16,16,16,16,63,78,78,78,78
"None","Aggregated","1594514893",20331,0,13.00,0.00,0,5,0,1036.62,1392.95,0,16,16,16,16,16,16,63,78,78,78,78
"None","Aggregated","1594514895",20369,0,13.00,0.00,0,5,0,1036.62,1392.96,0,0,16,16,16,16,31,63,78,78,78,78
"None","Aggregated","1594514897",20389,0,13.50,0.00,0,5,0,1036.62,1392.96,0,16,16,16,16,16,31,31,63,63,63,63
"None","Aggregated","1594514899",20414,0,13.00,0.00,0,5,0,1036.62,1392.95,0,16,16,16,16,16,31,31,31,31,31,31
"None","Aggregated","1594514902",20450,0,13.00,0.00,0,5,0,1036.62,1392.94,0,16,16,16,16,31,31,31,31,31,31,31
"None","Aggregated","1594514904",20475,0,13.70,0.00,0,5,0,1036.62,1392.94,0,16,16,16,16,16,31,31,31,31,31,31
"None","Aggregated","1594514906",20498,0,13.30,0.00,0,5,0,1036.62,1392.94,0,16,16,16,16,16,31,31,31,31,31,31
"None","Aggregated","1594514908",20524,0,12.10,0.00,0,5,0,1036.62,1392.94,0,16,16,16,16,16,31,31,31,31,31,31
"None","Aggregated","1594514910",20558,0,12.70,0.00,0,5,0,1036.62,1392.94,0,0,16,16,16,16,16,16,31,31,31,31
"None","Aggregated","1594514912",20582,0,13.50,0.00,0,5,0,1036.62,1392.94,0,0,16,16,16,16,16,31,78,78,78,78
"None","Aggregated","1594514914",20609,0,12.70,0.00,0,5,0,1036.62,1392.94,0,0,16,16,16,16,16,31,78,78,78,78
"None","Aggregated","1594514916",20635,0,12.70,0.00,0,5,0,1036.62,1392.94,0,0,16,16,16,16,16,16,78,78,78,78
"None","Aggregated","1594514918",20665,0,13.80,0.00,0,5,0,1036.62,1392.94,0,0,16,16,16,16,16,16,78,78,78,78
"None","Aggregated","1594514920",20692,0,13.70,0.00,0,5,0,1036.62,1392.95,0,1,16,16,16,16,16,16,16,16,16,16
"None","Aggregated","1594514922",20722,0,12.40,0.00,0,5,0,1036.62,1392.96,0,6,16,16,16,16,16,16,16,16,16,16
"None","Aggregated","1594514924",20748,0,13.90,0.00,0,5,0,1036.62,1392.95,0,15,16,16,16,16,16,16,78,78,78,78
"None","Aggregated","1594514926",20780,0,13.60,0.00,0,5,0,1036.62,1392.95,0,16,16,16,16,16,16,16,78,78,78,78
"None","Aggregated","1594514928",20802,0,13.50,0.00,0,5,0,1036.62,1392.95,0,1,16,16,16,16,16,78,78,78,78,78
"None","Aggregated","1594514931",20832,0,13.40,0.00,0,5,0,1036.62,1392.94,0,0,16,16,16,16,78,78,78,78,78,78
"None","Aggregated","1594514933",20865,0,13.40,0.00,0,5,0,1036.62,1392.94,0,0,16,16,16,16,78,78,78,78,78,78
"None","Aggregated","1594514935",20889,0,13.50,0.00,0,5,0,1036.62,1392.95,0,0,16,16,16,16,78,78,78,78,78,78
"None","Aggregated","1594514937",20916,0,13.50,0.00,0,5,0,1036.62,1392.94,0,0,0,16,16,16,18,78,78,78,78,78
"None","Aggregated","1594514939",20945,0,13.30,0.00,0,5,0,1036.62,1392.94,0,0,16,16,16,16,16,16,78,78,78,78
"None","Aggregated","1594514941",20978,0,13.70,0.00,0,5,0,1036.62,1392.94,0,0,16,16,16,16,16,16,78,78,78,78
"None","Aggregated","1594514943",21000,0,14.30,0.00,0,5,0,1036.62,1392.93,0,0,16,16,16,16,16,16,78,78,78,78
"None","Aggregated","1594514945",21034,0,13.00,0.00,0,5,0,1036.62,1392.94,0,0,16,16,16,16,16,16,78,78,78,78
"None","Aggregated","1594514947",21060,0,13.90,0.00,0,5,0,1036.62,1392.94,0,0,16,16,16,16,16,16,78,78,78,78
"None","Aggregated","1594514949",21087,0,13.60,0.00,0,5,0,1036.62,1392.94,0,0,16,16,16,16,16,16,16,16,16,16
"None","Aggregated","1594514951",21111,0,13.30,0.00,0,5,0,1036.62,1392.93,0,0,16,16,16,16,16,16,16,16,16,16
"None","Aggregated","1594514953",21138,0,12.90,0.00,0,5,0,1036.62,1392.93,0,1,16,16,16,16,16,16,16,16,16,16
"None","Aggregated","1594514955",21166,0,13.80,0.00,0,5,0,1036.62,1392.93,0,16,16,16,16,16,16,16,31,31,31,31
"None","Aggregated","1594514957",21194,0,13.50,0.00,0,5,0,1036.62,1392.93,0,16,16,16,16,16,16,31,78,78,78,78
"None","Aggregated","1594514959",21222,0,13.30,0.00,0,5,0,1036.62,1392.93,0,0,16,16,16,16,31,78,78,78,78,78
"None","Aggregated","1594514962",21246,0,13.70,0.00,0,5,0,1036.62,1392.93,0,0,16,16,16,16,66,78,78,78,78,78
"None","Aggregated","1594514964",21283,0,12.70,0.00,0,5,0,1036.62,1392.92,0,16,16,16,16,16,78,78,78,78,78,78
"None","Aggregated","1594514966",21308,0,13.60,0.00,0,5,0,1036.62,1392.92,0,16,16,16,16,16,66,78,78,78,78,78
"None","Aggregated","1594514968",21334,0,13.10,0.00,0,5,0,1036.62,1392.93,0,16,16,16,16,16,17,66,78,78,78,78
"None","Aggregated","1594514970",21360,0,13.60,0.00,0,5,0,1036.62,1392.92,0,16,16,16,16,16,17,17,78,78,78,78
"None","Aggregated","1594514972",21391,0,13.20,0.00,0,5,0,1036.62,1392.93,0,16,16,16,16,16,16,17,17,17,17,17
"None","Aggregated","1594514974",21417,0,14.20,0.00,0,5,0,1036.62,1392.93,0,16,16,16,16,16,16,16,16,16,16,16
"None","Aggregated","1594514976",21442,0,13.10,0.00,0,5,0,1036.62,1392.92,0,0,16,16,16,16,16,16,16,16,16,16
"None","Aggregated","1594514978",21472,0,13.20,0.00,0,5,0,1036.62,1392.93,0,0,16,16,16,16,16,16,16,16,16,16
"None","Aggregated","1594514980",21502,0,13.00,0.00,0,5,0,1036.62,1392.93,0,0,16,16,16,16,16,16,16,16,16,16
"None","Aggregated","1594514982",21527,0,13.90,0.00,0,5,0,1036.62,1392.93,0,1,16,16,16,16,16,16,16,16,16,16
"None","Aggregated","1594514984",21554,0,13.20,0.00,0,5,0,1036.62,1392.93,0,16,16,16,16,16,16,16,16,16,16,16
"None","Aggregated","1594514986",21584,0,13.50,0.00,0,5,0,1036.62,1392.93,0,16,16,16,16,16,16,16,16,16,16,16
"None","Aggregated","1594514988",21616,0,13.60,0.00,0,5,0,1036.62,1392.93,0,16,16,16,16,16,16,16,16,16,16,16
"None","Aggregated","1594514991",21640,0,13.50,0.00,0,5,0,1036.62,1392.93,0,16,16,16,16,16,16,16,16,16,16,16
"None","Aggregated","1594514993",21660,0,13.40,0.00,0,5,0,1036.62,1392.93,0,0,16,16,16,16,16,16,16,16,16,16
"None","Aggregated","1594514995",21702,0,13.10,0.00,0,5,0,1036.62,1392.94,0,1,16,16,16,16,16,16,16,16,16,16
"None","Aggregated","1594514997",21722,0,14.00,0.00,0,5,0,1036.62,1392.94,0,16,16,16,16,16,16,16,31,31,31,31
"None","Aggregated","1594514999",21741,0,13.60,0.00,0,5,0,1036.62,1392.94,0,0,16,16,16,16,16,16,31,31,31,31
"None","Aggregated","1594515001",21774,0,12.20,0.00,0,5,0,1036.62,1392.95,0,1,16,16,16,16,16,16,31,31,31,31
"None","Aggregated","1594515003",21810,0,12.70,0.00,0,5,0,1036.62,1392.96,0,1,16,16,16,16,16,16,31,31,31,31
"None","Aggregated","1594515005",21826,0,14.20,0.00,0,5,0,1036.62,1392.96,0,0,16,16,16,16,16,16,78,78,78,78
"None","Aggregated","1594515007",21854,0,12.80,0.00,0,5,0,1036.62,1392.96,0,0,16,16,16,16,16,25,78,78,78,78
"None","Aggregated","1594515009",21892,0,12.80,0.00,0,5,0,1036.62,1392.97,0,0,16,16,16,16,25,63,78,78,78,78
"None","Aggregated","1594515011",21916,0,13.80,0.00,0,5,0,1036.62,1392.97,0,0,0,16,16,16,31,63,78,78,78,78
"None","Aggregated","1594515013",21938,0,13.80,0.00,0,5,0,1036.62,1392.97,0,0,16,16,16,25,63,78,78,78,78,78
"None","Aggregated","1594515015",21969,0,13.10,0.00,0,5,0,1036.62,1392.98,0,0,1,16,16,16,63,78,78,78,78,78
"None","Aggregated","1594515017",21997,0,13.60,0.00,0,5,0,1036.62,1392.98,0,0,16,16,16,16,31,78,78,78,78,78
"None","Aggregated","1594515020",22026,0,13.70,0.00,0,5,0,1036.62,1392.98,0,0,16,16,16,16,31,78,78,78,78,78
"None","Aggregated","1594515022",22055,0,13.70,0.00,0,5,0,1036.62,1392.98,0,0,0,16,16,16,16,18,110,110,110,110
"None","Aggregated","1594515024",22084,0,13.40,0.00,0,5,0,1036.62,1392.99,0,0,0,16,16,16,16,18,110,110,110,110
"None","Aggregated","1594515026",22110,0,14.20,0.00,0,5,0,1036.62,1392.98,0,0,0,16,16,16,18,31,110,110,110,110
"None","Aggregated","1594515028",22144,0,13.50,0.00,0,5,0,1036.62,1392.98,0,0,0,16,16,16,18,31,110,110,110,110
"None","Aggregated","1594515030",22161,0,13.80,0.00,0,5,0,1036.62,1392.98,0,0,0,1,16,16,16,31,62,62,62,62
"None","Aggregated","1594515032",22189,0,13.30,0.00,0,5,0,1036.62,1392.98,0,0,0,10,16,16,16,31,62,62,62,62
"None","Aggregated","1594515034",22224,0,12.90,0.00,0,5,0,1036.62,1392.98,0,0,0,16,16,16,62,63,63,63,63,63
"None","Aggregated","1594515036",22249,0,13.40,0.00,0,5,0,1036.62,1392.97,0,0,16,16,16,16,62,63,63,63,63,63
"None","Aggregated","1594515038",22277,0,13.40,0.00,0,5,0,1036.62,1392.97,0,0,16,16,16,16,16,63,63,63,63,63
"None","Aggregated","1594515040",22305,0,13.20,0.00,0,5,0,1036.62,1392.98,0,0,16,16,16,16,16,63,63,63,63,63
"None","Aggregated","1594515042",22332,0,13.70,0.00,0,5,0,1036.62,1392.98,0,0,16,16,16,16,16,16,16,16,16,16
"None","Aggregated","1594515044",22357,0,14.00,0.00,0,5,0,1036.62,1392.98,0,0,1,16,16,16,16,16,31,31,31,31
"None","Aggregated","1594515046",22384,0,12.70,0.00,0,5,0,1036.62,1392.98,0,0,0,1,16,16,16,16,31,31,31,31
"None","Aggregated","1594515048",22413,0,12.90,0.00,0,5,0,1036.62,1392.99,0,0,4,16,16,16,19,31,84,84,84,84
"None","Aggregated","1594515051",22437,0,13.40,0.00,0,5,0,1036.62,1392.99,0,0,1,16,16,16,19,31,84,84,84,84
"None","Aggregated","1594515053",22472,0,13.00,0.00,0,5,0,1036.62,1392.99,0,0,16,16,16,16,31,78,84,84,84,84
"None","Aggregated","1594515055",22491,0,13.50,0.00,0,5,0,1036.62,1392.99,0,0,4,16,16,16,31,78,84,84,84,84
"None","Aggregated","1594515057",22525,0,13.20,0.00,0,5,0,1036.62,1392.99,0,0,1,16,16,16,24,31,78,78,78,78
"None","Aggregated","1594515059",22552,0,13.00,0.00,0,5,0,1036.62,1392.98,0,0,2,16,16,16,24,31,78,78,78,78
"None","Aggregated","1594515061",22576,0,13.50,0.00,0,5,0,1036.62,1392.98,0,0,16,16,16,16,16,16,16,16,16,16
"None","Aggregated","1594515063",22600,0,13.40,0.00,0,5,0,1036.62,1392.98,0,0,16,16,16,16,16,16,16,16,16,16
"None","Aggregated","1594515065",22629,0,12.30,0.00,0,5,0,1036.62,1392.99,0,0,16,16,16,16,16,31,78,78,78,78
"None","Aggregated","1594515067",22658,0,13.50,0.00,0,5,0,1036.62,1392.99,0,0,16,16,16,16,31,63,78,78,78,78
"None","Aggregated","1594515069",22687,0,13.50,0.00,0,5,0,1036.62,1393.00,0,16,16,16,16,16,31,63,78,78,78,78
"None","Aggregated","1594515071",22714,0,13.00,0.00,0,5,0,1036.62,1393.00,0,16,16,16,16,16,31,63,78,78,78,78
"None","Aggregated","1594515073",22743,0,12.90,0.00,0,5,0,1036.62,1393.00,0,1,16,16,16,16,16,16,63,63,63,63
"None","Aggregated","1594515075",22766,0,13.90,0.00,0,5,0,1036.62,1392.99,0,6,16,16,16,16,16,16,16,16,16,16
"None","Aggregated","1594515077",22799,0,13.00,0.00,0,5,0,1036.62,1392.99,0,0,16,16,16,16,16,16,94,94,94,94
"None","Aggregated","1594515079",22824,0,13.30,0.00,0,5,0,1036.62,1392.99,0,0,16,16,16,16,31,78,94,94,94,94
"None","Aggregated","1594515082",22851,0,13.50,0.00,0,5,0,1036.62,1392.99,0,0,16,16,16,16,78,78,94,94,94,94
"None","Aggregated","1594515084",22883,0,14.10,0.00,0,5,0,1036.62,1393.00,0,0,16,16,16,16,78,78,94,94,94,94
"None","Aggregated","1594515086",22908,0,13.60,0.00,0,5,0,1036.62,1392.99,0,0,16,16,16,16,31,78,78,78,78,78
"None","Aggregated","1594515088",22934,0,13.70,0.00,0,5,0,1036.62,1393.00,0,11,16,16,16,16,31,78,78,78,78,78
"None","Aggregated","1594515090",22963,0,13.10,0.00,0,5,0,1036.62,1392.99,0,16,16,16,16,16,16,16,78,78,78,78
"None","Aggregated","1594515092",22993,0,13.60,0.00,0,5,0,1036.62,1393.00,0,16,16,16,16,16,16,31,78,78,78,78
"None","Aggregated","1594515094",23023,0,13.70,0.00,0,5,0,1036.62,1393.01,0,1,16,16,16,16,16,31,78,78,78,78
"None","Aggregated","1594515096",23044,0,13.20,0.00,0,5,0,1036.62,1393.01,0,0,16,16,16,16,16,16,31,31,31,31
"None","Aggregated","1594515098",23075,0,13.20,0.00,0,5,0,1036.62,1393.00,0,0,0,16,16,16,16,16,31,31,31,31
"None","Aggregated","1594515100",23103,0,13.30,0.00,0,5,0,1036.62,1393.01,0,0,1,16,16,16,16,16,16,16,16,16
"None","Aggregated","1594515102",23128,0,13.60,0.00,0,5,0,1036.62,1393.01,0,0,1,16,16,16,16,31,78,78,78,78
"None","Aggregated","1594515104",23163,0,13.40,0.00,0,5,0,1036.62,1393.01,0,0,1,16,16,16,16,31,78,78,78,78
"None","Aggregated","1594515106",23190,0,13.60,0.00,0,5,0,1036.62,1393.01,0,0,16,16,16,16,16,31,78,78,78,78
"None","Aggregated","1594515108",23212,0,13.90,0.00,0,5,0,1036.62,1393.01,0,0,16,16,16,16,16,31,78,78,78,78
"None","Aggregated","1594515111",23238,0,13.30,0.00,0,5,0,1036.62,1393.02,0,0,16,16,16,16,16,16,16,16,16,16
"None","Aggregated","1594515113",23272,0,12.90,0.00,0,5,0,1036.62,1393.02,0,0,16,16,16,16,16,31,31,31,31,31
"None","Aggregated","1594515115",23300,0,13.90,0.00,0,5,0,1036.62,1393.01,0,0,16,16,16,16,31,31,31,31,31,31
"None","Aggregated","1594515117",23325,0,12.90,0.00,0,5,0,1036.62,1393.01,0,0,16,16,16,16,31,31,31,31,31,31
"None","Aggregated","1594515119",23354,0,13.30,0.00,0,5,0,1036.62,1393.01,0,0,16,16,16,16,31,31,31,31,31,31
"None","Aggregated","1594515121",23382,0,13.40,0.00,0,5,0,1036.62,1393.01,0,0,16,16,16,16,16,30,31,31,31,31
"None","Aggregated","1594515123",23412,0,13.60,0.00,0,5,0,1036.62,1393.02,0,0,15,16,16,16,16,30,78,78,78,78
"None","Aggregated","1594515125",23435,0,13.50,0.00,0,5,0,1036.62,1393.02,0,0,1,16,16,16,16,16,78,78,78,78
"None","Aggregated","1594515127",23459,0,13.30,0.00,0,5,0,1036.62,1393.01,0,0,16,16,16,16,16,16,78,78,78,78
"None","Aggregated","1594515129",23492,0,13.40,0.00,0,5,0,1036.62,1393.02,0,3,16,16,16,16,17,31,78,78,78,78
"None","Aggregated","1594515131",23516,0,13.40,0.00,0,5,0,1036.62,1393.02,0,0,16,16,16,16,17,31,78,78,78,78
"None","Aggregated","1594515133",23547,0,13.80,0.00,0,5,0,1036.62,1393.02,0,16,16,16,16,16,31,78,78,78,78,78
"None","Aggregated","1594515135",23573,0,12.90,0.00,0,5,0,1036.62,1393.02,0,16,16,16,16,31,31,78,78,78,78,78
"None","Aggregated","1594515137",23601,0,13.30,0.00,0,5,0,1036.62,1393.02,0,16,16,16,16,31,78,78,94,94,94,94
"None","Aggregated","1594515140",23629,0,12.90,0.00,0,5,0,1036.62,1393.02,0,16,16,16,16,31,31,78,94,94,94,94
"None","Aggregated","1594515142",23658,0,13.20,0.00,0,5,0,1036.62,1393.02,0,1,16,16,16,16,31,63,94,94,94,94
"None","Aggregated","1594515144",23681,0,13.30,0.00,0,5,0,1036.62,1393.02,0,0,16,16,16,16,16,63,94,94,94,94
"None","Aggregated","1594515146",23713,0,12.80,0.00,0,5,0,1036.62,1393.01,0,16,16,16,16,16,16,63,95,95,95,95
"None","Aggregated","1594515148",23738,0,13.40,0.00,0,5,0,1036.62,1393.01,0,8,16,16,16,16,16,63,95,95,95,95
"None","Aggregated","1594515150",23768,0,13.30,0.00,0,5,0,1036.62,1393.01,0,16,16,16,16,16,16,16,95,95,95,95
"None","Aggregated","1594515152",23793,0,13.30,0.00,0,5,0,1036.62,1393.01,0,16,16,16,16,16,16,16,95,95,95,95
"None","Aggregated","1594515154",23822,0,13.30,0.00,0,5,0,1036.62,1393.01,0,8,16,16,16,16,16,16,31,31,31,31
"None","Aggregated","1594515156",23852,0,13.20,0.00,0,5,0,1036.62,1393.01,0,0,16,16,16,16,31,31,94,94,94,94
"None","Aggregated","1594515158",23872,0,13.30,0.00,0,5,0,1036.62,1393.01,0,0,16,16,16,16,31,31,94,94,94,94
"None","Aggregated","1594515160",23903,0,12.80,0.00,0,5,0,1036.62,1393.00,0,0,16,16,16,16,31,31,94,94,94,94
"None","Aggregated","1594515162",23927,0,13.20,0.00,0,5,0,1036.62,1393.00,0,0,16,16,16,16,16,31,94,94,94,94
"None","Aggregated","1594515164",23959,0,12.60,0.00,0,5,0,1036.62,1393.00,0,0,0,16,16,16,16,31,47,47,47,47
"None","Aggregated","1594515166",23984,0,13.50,0.00,0,5,0,1036.62,1393.00,0,0,16,16,16,16,31,32,47,47,47,47
